-- phpMyAdmin SQL Dump
-- version 5.2.1
-- https://www.phpmyadmin.net/
--
-- Host: 127.0.0.1
-- Generation Time: Jul 01, 2024 at 05:41 AM
-- Server version: 10.4.32-MariaDB
-- PHP Version: 8.2.12

SET SQL_MODE = "NO_AUTO_VALUE_ON_ZERO";
START TRANSACTION;
SET time_zone = "+00:00";


/*!40101 SET @OLD_CHARACTER_SET_CLIENT=@@CHARACTER_SET_CLIENT */;
/*!40101 SET @OLD_CHARACTER_SET_RESULTS=@@CHARACTER_SET_RESULTS */;
/*!40101 SET @OLD_COLLATION_CONNECTION=@@COLLATION_CONNECTION */;
/*!40101 SET NAMES utf8mb4 */;

--
-- Database: `web-ban-hang`
--

-- --------------------------------------------------------

--
-- Table structure for table `categories`
--

CREATE TABLE `categories` (
  `cate_id` int(10) UNSIGNED NOT NULL,
  `cate_name` varchar(255) NOT NULL,
  `cate_slug` varchar(255) NOT NULL,
  `created_at` timestamp NULL DEFAULT NULL,
  `updated_at` timestamp NULL DEFAULT NULL
) ENGINE=InnoDB DEFAULT CHARSET=utf8mb4 COLLATE=utf8mb4_unicode_ci;

--
-- Dumping data for table `categories`
--

INSERT INTO `categories` (`cate_id`, `cate_name`, `cate_slug`, `created_at`, `updated_at`) VALUES
(1, 'Xe máy', 'xe-may', NULL, NULL),
(2, 'Quần áo', 'quan-ao', NULL, NULL),
(3, 'Máy tính', 'may-tinh', NULL, NULL),
(4, 'Điện thoại', 'dien-thoai', NULL, NULL),
(5, 'Máy ảnh', 'may-anh', NULL, NULL),
(6, 'Ba lô', 'ba-lo', NULL, NULL),
(7, 'Tivi', 'tivi', NULL, NULL),
(8, 'Tủ lạnh', 'tu-lanh', NULL, NULL);

-- --------------------------------------------------------

--
-- Table structure for table `comments`
--

CREATE TABLE `comments` (
  `com_id` int(10) UNSIGNED NOT NULL,
  `content` varchar(255) NOT NULL,
  `com_user` int(10) UNSIGNED NOT NULL,
  `com_prod` int(10) UNSIGNED NOT NULL,
  `created_at` timestamp NULL DEFAULT NULL,
  `updated_at` timestamp NULL DEFAULT NULL
) ENGINE=InnoDB DEFAULT CHARSET=utf8mb4 COLLATE=utf8mb4_unicode_ci;

--
-- Dumping data for table `comments`
--

INSERT INTO `comments` (`com_id`, `content`, `com_user`, `com_prod`, `created_at`, `updated_at`) VALUES
(1, 'san asdf', 6, 39, NULL, NULL),
(2, 'dfasdf', 6, 34, '2024-06-24 02:07:05', '2024-06-24 02:07:05'),
(3, 'asdfasdf', 6, 34, '2024-06-24 02:20:00', '2024-06-24 02:20:00'),
(4, 'phat', 6, 40, '2024-06-24 02:48:25', '2024-06-24 02:48:25'),
(5, 'sdfasdf', 7, 40, '2024-06-24 03:05:59', '2024-06-24 03:05:59'),
(6, 'rất đẹp', 7, 29, '2024-06-24 07:05:21', '2024-06-24 07:05:21'),
(7, 'phat', 7, 18, '2024-06-25 01:55:01', '2024-06-25 01:55:01'),
(8, 'haha', 7, 18, '2024-06-25 01:57:22', '2024-06-25 01:57:22');

-- --------------------------------------------------------

--
-- Table structure for table `failed_jobs`
--

CREATE TABLE `failed_jobs` (
  `id` bigint(20) UNSIGNED NOT NULL,
  `uuid` varchar(255) NOT NULL,
  `connection` text NOT NULL,
  `queue` text NOT NULL,
  `payload` longtext NOT NULL,
  `exception` longtext NOT NULL,
  `failed_at` timestamp NOT NULL DEFAULT current_timestamp()
) ENGINE=InnoDB DEFAULT CHARSET=utf8mb4 COLLATE=utf8mb4_unicode_ci;

-- --------------------------------------------------------

--
-- Table structure for table `migrations`
--

CREATE TABLE `migrations` (
  `id` int(10) UNSIGNED NOT NULL,
  `migration` varchar(255) NOT NULL,
  `batch` int(11) NOT NULL
) ENGINE=InnoDB DEFAULT CHARSET=utf8mb4 COLLATE=utf8mb4_unicode_ci;

--
-- Dumping data for table `migrations`
--

INSERT INTO `migrations` (`id`, `migration`, `batch`) VALUES
(75, '2014_10_12_000000_create_users_table', 1),
(76, '2014_10_12_100000_create_password_resets_table', 1),
(77, '2019_08_19_000000_create_failed_jobs_table', 1),
(78, '2019_12_14_000001_create_personal_access_tokens_table', 1),
(79, '2024_06_15_033720_categories', 1),
(80, '2024_06_15_033857_products', 1),
(81, '2024_06_15_034027_web_users', 1),
(82, '2024_06_15_034128_comments', 1),
(83, '2024_06_15_034216_orders', 1);

-- --------------------------------------------------------

--
-- Table structure for table `orders`
--

CREATE TABLE `orders` (
  `order_id` int(10) UNSIGNED NOT NULL,
  `quantity` int(11) NOT NULL,
  `order_user` int(10) UNSIGNED NOT NULL,
  `order_product` int(10) UNSIGNED NOT NULL,
  `address` varchar(255) NOT NULL,
  `sdt` varchar(255) NOT NULL,
  `name_customer` varchar(255) NOT NULL,
  `ngaymua` varchar(255) NOT NULL,
  `created_at` timestamp NULL DEFAULT NULL,
  `updated_at` timestamp NULL DEFAULT NULL
) ENGINE=InnoDB DEFAULT CHARSET=utf8mb4 COLLATE=utf8mb4_unicode_ci;

--
-- Dumping data for table `orders`
--

INSERT INTO `orders` (`order_id`, `quantity`, `order_user`, `order_product`, `address`, `sdt`, `name_customer`, `ngaymua`, `created_at`, `updated_at`) VALUES
(1, 2, 7, 40, 'laskdhf', '123456', 'phat', '', '2024-06-24 04:55:10', '2024-06-24 04:55:10'),
(2, 1, 7, 38, 'laskdhf', '123456', 'phat', '', '2024-06-24 04:55:10', '2024-06-24 04:55:10'),
(3, 1, 6, 28, 'dsfsadfasdf', '2342343', 'phatxmen', '', '2024-05-24 05:00:51', '2024-06-24 05:00:51'),
(4, 1, 7, 19, 'dsfsadfasdf', '2342343', 'phatxmen', '', '2024-03-24 05:00:51', '2024-06-24 05:00:51'),
(5, 1, 6, 28, 'dsfsadfasdf', '2342343', 'phatxmen', '', '2024-06-24 05:00:51', '2024-06-24 05:00:51'),
(6, 1, 7, 40, 'dsfasdf', '234324', 'dfasdf', '', '2024-06-24 09:05:37', '2024-06-24 09:05:37'),
(7, 2, 7, 39, 'sdfadsf', '23423', 'dsfasf', '2024-06-25', '2024-06-25 02:46:57', '2024-06-25 02:46:57'),
(8, 1, 7, 34, 'sdfadsf', '23423', 'dsfasf', '2024-06-25', '2024-06-25 02:46:58', '2024-06-25 02:46:58'),
(9, 1, 7, 28, 'dsfasdfdf', '4234324', 'dfasdf', '2024-06-26', '2024-06-26 08:21:44', '2024-06-26 08:21:44'),
(10, 3, 16, 40, 'sdafasdf', '23423432', 'afsdf', '2024-06-30', '2024-06-30 07:20:10', '2024-06-30 07:20:10');

-- --------------------------------------------------------

--
-- Table structure for table `password_resets`
--

CREATE TABLE `password_resets` (
  `email` varchar(255) NOT NULL,
  `token` varchar(255) NOT NULL,
  `created_at` timestamp NULL DEFAULT NULL
) ENGINE=InnoDB DEFAULT CHARSET=utf8mb4 COLLATE=utf8mb4_unicode_ci;

-- --------------------------------------------------------

--
-- Table structure for table `personal_access_tokens`
--

CREATE TABLE `personal_access_tokens` (
  `id` bigint(20) UNSIGNED NOT NULL,
  `tokenable_type` varchar(255) NOT NULL,
  `tokenable_id` bigint(20) UNSIGNED NOT NULL,
  `name` varchar(255) NOT NULL,
  `token` varchar(64) NOT NULL,
  `abilities` text DEFAULT NULL,
  `last_used_at` timestamp NULL DEFAULT NULL,
  `created_at` timestamp NULL DEFAULT NULL,
  `updated_at` timestamp NULL DEFAULT NULL
) ENGINE=InnoDB DEFAULT CHARSET=utf8mb4 COLLATE=utf8mb4_unicode_ci;

-- --------------------------------------------------------

--
-- Table structure for table `products`
--

CREATE TABLE `products` (
  `prod_id` int(10) UNSIGNED NOT NULL,
  `prod_name` varchar(255) NOT NULL,
  `prod_slug` varchar(255) NOT NULL,
  `price` int(11) NOT NULL,
  `img` varchar(255) NOT NULL,
  `description` text NOT NULL,
  `prod_cate` int(10) UNSIGNED NOT NULL,
  `created_at` timestamp NULL DEFAULT NULL,
  `updated_at` timestamp NULL DEFAULT NULL
) ENGINE=InnoDB DEFAULT CHARSET=utf8mb4 COLLATE=utf8mb4_unicode_ci;

--
-- Dumping data for table `products`
--

INSERT INTO `products` (`prod_id`, `prod_name`, `prod_slug`, `price`, `img`, `description`, `prod_cate`, `created_at`, `updated_at`) VALUES
(11, 'kẹt tiền cần bán gấp pháp lý đầy đủ', 'ket-tien-can-ban-gap-phap-ly-day-du', 19000000, 'xemay1.jpeg', '<p><span style=\"color: rgb(34, 34, 34); font-family: Helvetica, Arial, Roboto, sans-serif; white-space: break-spaces;\">Xe nguyên zin100%  giấy tờ pháp lý đầy đủ  bảo đảo không ngập nước không đâm đụng bao rúc hồ sơ</span></p>', 1, '2024-06-19 19:32:40', '2024-06-19 19:32:40'),
(12, 'Wave alpha 50 mới đủ màu', 'wave-alpha-50-moi-du-mau', 15000000, 'xemay2.jpeg', '<p><span style=\"color: rgb(34, 34, 34); font-family: Helvetica, Arial, Roboto, sans-serif; white-space: break-spaces;\">#Wave50cc xe mới \r\nMẩu dành cho học sinh, sinh viên đủ màu\r\n💵 #wavealpha50cc_moi_gia 15x triệu bao sang tên ( \"x\" tuỳ vào hộ khẩu huyện hay thành phố )\r\n\' ĐÈN THƯỜNG _ ĐÈN LED \'\r\n🤙 Phụ huynh cần tư vấn, báo giá liên hệ : ***\r\n📌 LƯU Ý : SỈ SỐ LƯỢNG CHO ACE CỬA HÀNG 5-10 XE ĐƯỢC GIÁ SỈ</span><br></p>', 1, '2024-06-19 19:43:13', '2024-06-19 19:43:13'),
(13, 'Vario 150 xám nữ đi kỹ 9c keng mới', 'vario-150-xam-nu-di-ky-9c-keng-moi', 56000000, 'xemay3.jpeg', '<p><span style=\"color: rgb(34, 34, 34); font-family: Helvetica, Arial, Roboto, sans-serif; white-space: break-spaces;\">- Máy êm \r\n- Chân áo đẹp không chổ chê \r\n- Bao rút hồ sơ cho anh em \r\n- Xe 9c rút kí cái một \r\n- Hổ trợ trả góp 0đ qua ngân hàng chỉ cần cccd\r\n- Hổ trợ góp nợ xấu trả trước 60% \r\n- Bảo hành máy 3 tháng , hư sữa hỏng thay mới\r\n- Bao quay đầu , bao an ninh trộm cắp \r\n- Trao đổi mua bán các đong xe phổ thông.</span><br></p>', 1, '2024-06-19 19:49:14', '2024-06-19 19:49:14'),
(14, '1S9A máy 65zz chính chủ keng', '1s9a-may-65zz-chinh-chu-keng', 28800000, 'xemay4.jpeg', '<p><span style=\"color: rgb(34, 34, 34); font-family: Helvetica, Arial, Roboto, sans-serif; white-space: break-spaces;\">Ex 1s9a máy 65zz 9c kí\r\n- Dên zin thay tay ycs \r\n- Lòng fassteck \r\n- Đầu  đầu light 22/25\r\n- Cam loxo đầu theo bài\r\n- Nồi zin làm lên + bố nồi light, Chuôn 3càn kiền chuôn, Bx redleo ,Ic light\r\n- Xuống full áo 2010\r\n- Máy mới vừa làm xong đang rodai êm như zin\r\n- Hổ trợ trả góp 0đ qua ngân hàng chỉ cần cccd\r\n- Hổ trợ góp nợ xấu trả trước 70% \r\n- Bảo hành máy 3 tháng , hư sữa hỏng thay mới\r\n- Bao quay đầu , bao an ninh trộm cắp \r\n- Trao đổi mua bán các đong xe phổ thông.</span><br></p>', 1, '2024-06-19 19:52:53', '2024-06-19 19:52:53'),
(15, 'Ex 155 máy zin odo lướt', 'ex-155-may-zin-odo-luot', 32300000, 'xemay5.jpeg', '<p><span style=\"color: rgb(34, 34, 34); font-family: Helvetica, Arial, Roboto, sans-serif; white-space: break-spaces;\">- Áo chân sạch sẽ \r\n- Ốc keng \r\n- Ngay chủ kí rút thoải mái \r\n- ODO 20k \r\n- Hổ trợ góp qua nhân hàng 0₫, không nợ xấu. \r\n- Hổ trợ góp bao nợ xấu qua cửa hàng trả trước 70% \r\n- Trao đổi bù trừ các đong xe phổ thông</span><br></p>', 1, '2024-06-19 19:54:27', '2024-06-19 19:54:27'),
(16, 'Ex 135 úp LC', 'ex-135-up-lc', 15600000, 'xemay6.jpeg', '<p><span style=\"color: rgb(34, 34, 34); font-family: Helvetica, Arial, Roboto, sans-serif; white-space: break-spaces;\">- Máy 57 siêu êm \r\n- Áo chân sạch sẽ \r\n- Giấy tờ đầy đủ bao an ninh\r\n- Hổ trợ rút hồ sơ cho anh em nào cần \r\n- Viết giấy bán cửa hàng \r\n- Hổ trợ góp ngân hàng không cần trả trước, không nợ xấu\r\n- Hổ trợ góp tay đôi với shop trả trước 70%. \r\n- Trao đổi bù trừ câ dòng xe phổ thông</span><br></p>', 1, '2024-06-19 19:55:32', '2024-06-19 19:55:32'),
(17, 'Dream Thái', 'dream-thai', 13300000, 'xemay7.jpeg', '<p><span style=\"color: rgb(34, 34, 34); font-family: Helvetica, Arial, Roboto, sans-serif; white-space: break-spaces;\">Dream Thái giá 13.3 triệu\r\n- Máy vừa rớt bảo dưỡng siêu êm\r\n- Áo chân zin sạch sẽ theo năm tháng sau hơn 20 năm cày.\r\n- Giấy tờ đầy đủ bao an ninh, giao kèm cccd chủ\r\n- Viết giấy mua bán cửa hàng \r\n- Hổ trợ trả góp 0₫ qua ngân hàng , k nợ xấu \r\n- Hổ trợ góp tay đôi với cửa hàng trả trước 70% giá trị xe \r\n- Trao đổi bù trừ các dòng xe phổ thông</span><br></p>', 1, '2024-06-19 19:56:45', '2024-06-19 19:56:45'),
(18, 'winner v1 biển 60 máy êm', 'winner-v1-bien-60-may-em', 13800000, 'xemay8.jpeg', '<p><span style=\"color: rgb(34, 34, 34); font-family: Helvetica, Arial, Roboto, sans-serif; white-space: break-spaces;\">- Máy vừa rớt bảo dưỡng siêu êm\r\n- Áo chân zin sạch sẽ theo năm tháng \r\n- Giấy tờ đầy đủ bao an ninh\r\n- Viết giấy mua bán cửa hàng.\r\n- Hổ trợ góp ngân hàng trả trước 0₫ không nợ xấu\r\n- Hổ trợ góp tay đôi cửa hàng trả trước 70% \r\n- Trao đổi bù trừ các dòng xe phổ thông</span><br></p>', 1, '2024-06-19 19:59:54', '2024-06-19 19:59:54'),
(19, 'Vison 2015 chính chủ odo 29k', 'vison-2015-chinh-chu-odo-29k', 18300000, 'xemay9.jpeg', '<p><span style=\"color: rgb(34, 34, 34); font-family: Helvetica, Arial, Roboto, sans-serif; white-space: break-spaces;\">Vision ngay chủ giá 18.3 triệu\r\n- Máy zin êm ru odo 24k\r\n- Áo chân zin sạch sẽ theo năm tháng\r\n- Viết giấy mua bán cửa hàng, kí rút cho anh em nào thích.\r\n- Hổ trợ góp với ngân hàng 0₫ không nợ xấu \r\n- Hổ trợ góp với cửa hàng trả trước 70% giá trị xe \r\n- Trao đổi bù trừ các dòng xe phổ thông</span><br></p>', 1, '2024-06-19 20:00:51', '2024-06-19 20:00:51'),
(20, 'Ex 62zz (súp pơ hét) xanh rêu', 'ex-62zz-sup-po-het-xanh-reu', 23800000, 'xemay10.jpeg', '<p><span style=\"color: rgb(34, 34, 34); font-family: Helvetica, Arial, Roboto, sans-serif; white-space: break-spaces;\">- full đồ chơi sạch sẽ gọn gàng\r\n- Áo chân sạch sẽ \r\n- Xe 9c kí rút cho anh em nào thích \r\n- Viết giấy mua bán cửa hàng\r\n- Hổ trợ góp 0₫ k nợ xấu \r\n- Hổ trợ góp tay đôi cửa hàng trả trước 70% giá trị xe \r\n- Bảo hành xe 3 tháng\r\n- Bao an ninh, bao trộm cắp, bao quay đầu.</span><br></p>', 1, '2024-06-19 20:02:02', '2024-06-19 20:02:02'),
(21, 'ĐỒ BỘ NAM TORKLD NGẮN TAY CẢ BỘ 2 MÓN HÀNG MÙA HÈ THỜI TRANG NAM CHẤT LIỆU G04', 'do-bo-nam-torkld-ngan-tay-ca-bo-2-mon-hang-mua-he-thoi-trang-nam-chat-lieu-g04', 1380000, 'quanao1.jpg', '<p style=\"margin-bottom: 0px; padding: 0px; border: 0px; outline: 0px; vertical-align: baseline; background-image: initial; background-position: initial; background-size: initial; background-repeat: initial; background-attachment: initial; background-origin: initial; background-clip: initial; line-height: inherit; color: rgb(51, 51, 51); font-family: Lato, sans-serif;\">Dịch vụ: thanh toán khi nhận hàng, đổi size nếu không vừa, xem hàng trước khi nhận.</p><h4 style=\"font-family: Lato, sans-serif; font-weight: inherit; line-height: inherit; color: rgb(51, 51, 51); margin: 0px; font-size: 14px; padding: 0px; border: 0px; outline: 0px; vertical-align: baseline; background-image: initial; background-position: initial; background-size: initial; background-repeat: initial; background-attachment: initial; background-origin: initial; background-clip: initial;\">Lưu ý:</h4><p style=\"margin-bottom: 0px; padding: 0px; border: 0px; outline: 0px; vertical-align: baseline; background-image: initial; background-position: initial; background-size: initial; background-repeat: initial; background-attachment: initial; background-origin: initial; background-clip: initial; line-height: inherit; color: rgb(51, 51, 51); font-family: Lato, sans-serif;\">Sản phẩm váy, áo, quần cắt may có thể chênh lệch 1 – 2 (cm).<br>Do ánh sáng và thiết bị chụp hình, màu sắc hình ảnh và thực tế có thể có chênh lệch nhỏ.</p>', 2, '2024-06-19 20:39:25', '2024-06-19 20:55:58'),
(22, 'ÁO KHOÁC NAM SUTDC DÁNG ÔM BODY GỢI CẢM SEXY HÀNG MÙA XUÂN THU ĐÔNG PHONG CÁCH HÀN QUỐC DÀY ẤM THỜI TRANG NAM CHẤT LIỆU VẢI BÔNG G04', 'ao-khoac-nam-sutdc-dang-om-body-goi-cam-sexy-hang-mua-xuan-thu-dong-phong-cach-han-quoc-day-am-thoi-trang-nam-chat-lieu-vai-bong-g04', 1390000, 'quanao2.jpg', '<p style=\"margin-bottom: 0px; padding: 0px; border: 0px; outline: 0px; vertical-align: baseline; background-image: initial; background-position: initial; background-size: initial; background-repeat: initial; background-attachment: initial; background-origin: initial; background-clip: initial; line-height: inherit; color: rgb(51, 51, 51); font-family: Lato, sans-serif;\">Dịch vụ: thanh toán khi nhận hàng, đổi size nếu không vừa, xem hàng trước khi nhận.</p><h4 style=\"font-family: Lato, sans-serif; font-weight: inherit; line-height: inherit; color: rgb(51, 51, 51); margin: 0px; font-size: 14px; padding: 0px; border: 0px; outline: 0px; vertical-align: baseline; background-image: initial; background-position: initial; background-size: initial; background-repeat: initial; background-attachment: initial; background-origin: initial; background-clip: initial;\">Lưu ý:</h4><p style=\"margin-bottom: 0px; padding: 0px; border: 0px; outline: 0px; vertical-align: baseline; background-image: initial; background-position: initial; background-size: initial; background-repeat: initial; background-attachment: initial; background-origin: initial; background-clip: initial; line-height: inherit; color: rgb(51, 51, 51); font-family: Lato, sans-serif;\">Sản phẩm váy, áo, quần cắt may có thể chênh lệch 1 – 2 (cm).<br>Do ánh sáng và thiết bị chụp hình, màu sắc hình ảnh và thực tế có thể có chênh lệch nhỏ.</p>', 2, '2024-06-19 20:42:26', '2024-06-19 20:55:34'),
(23, 'ÁO THUN NAM TOREAN BIG SIZE NGOẠI CỠ NGẮN TAY HÀNG MÙA HÈ PHONG CÁCH TRẺ TRUNG KÍN CỔ THỜI TRANG NAM CHẤT LIỆU G02', 'ao-thun-nam-torean-big-size-ngoai-co-ngan-tay-hang-mua-he-phong-cach-tre-trung-kin-co-thoi-trang-nam-chat-lieu-g02', 730000, 'quanao3.jpg', '<p style=\"margin-bottom: 0px; padding: 0px; border: 0px; outline: 0px; vertical-align: baseline; background-image: initial; background-position: initial; background-size: initial; background-repeat: initial; background-attachment: initial; background-origin: initial; background-clip: initial; line-height: inherit; color: rgb(51, 51, 51); font-family: Lato, sans-serif;\">Dịch vụ: thanh toán khi nhận hàng, đổi size nếu không vừa, xem hàng trước khi nhận.</p><h4 style=\"font-family: Lato, sans-serif; font-weight: inherit; line-height: inherit; color: rgb(51, 51, 51); margin: 0px; font-size: 14px; padding: 0px; border: 0px; outline: 0px; vertical-align: baseline; background-image: initial; background-position: initial; background-size: initial; background-repeat: initial; background-attachment: initial; background-origin: initial; background-clip: initial;\">Lưu ý:</h4><p style=\"margin-bottom: 0px; padding: 0px; border: 0px; outline: 0px; vertical-align: baseline; background-image: initial; background-position: initial; background-size: initial; background-repeat: initial; background-attachment: initial; background-origin: initial; background-clip: initial; line-height: inherit; color: rgb(51, 51, 51); font-family: Lato, sans-serif;\">Sản phẩm váy, áo, quần cắt may có thể chênh lệch 1 – 2 (cm).<br>Do ánh sáng và thiết bị chụp hình, màu sắc hình ảnh và thực tế có thể có chênh lệch nhỏ.</p>', 2, '2024-06-19 20:44:06', '2024-06-19 20:53:52'),
(24, 'ÁO DA NAM SHRYOL DÁNG ÔM BODY GỢI CẢM SEXY HÀNG MÙA XUÂN THU ĐÔNG PHONG CÁCH HÀN QUỐC KÍN CỔ THỜI TRANG NAM CHẤT LIỆU G03', 'ao-da-nam-shryol-dang-om-body-goi-cam-sexy-hang-mua-xuan-thu-dong-phong-cach-han-quoc-kin-co-thoi-trang-nam-chat-lieu-g03', 1090000, 'quanao4.jpg', '<p style=\"margin-bottom: 0px; padding: 0px; border: 0px; outline: 0px; vertical-align: baseline; background-image: initial; background-position: initial; background-size: initial; background-repeat: initial; background-attachment: initial; background-origin: initial; background-clip: initial; line-height: inherit; color: rgb(51, 51, 51); font-family: Lato, sans-serif;\">Dịch vụ: thanh toán khi nhận hàng, đổi size nếu không vừa, xem hàng trước khi nhận.</p><h4 style=\"font-family: Lato, sans-serif; font-weight: inherit; line-height: inherit; color: rgb(51, 51, 51); margin: 0px; font-size: 14px; padding: 0px; border: 0px; outline: 0px; vertical-align: baseline; background-image: initial; background-position: initial; background-size: initial; background-repeat: initial; background-attachment: initial; background-origin: initial; background-clip: initial;\">Lưu ý:</h4><p style=\"margin-bottom: 0px; padding: 0px; border: 0px; outline: 0px; vertical-align: baseline; background-image: initial; background-position: initial; background-size: initial; background-repeat: initial; background-attachment: initial; background-origin: initial; background-clip: initial; line-height: inherit; color: rgb(51, 51, 51); font-family: Lato, sans-serif;\">Sản phẩm váy, áo, quần cắt may có thể chênh lệch 1 – 2 (cm).<br>Do ánh sáng và thiết bị chụp hình, màu sắc hình ảnh và thực tế có thể có chênh lệch nhỏ.</p>', 2, '2024-06-19 20:45:11', '2024-06-19 20:53:36'),
(25, 'ÁO SƠ MI NAM PUR)T DÀI TAY HÀNG MÙA XUÂN THU ĐÔNG THÊU HỌA TIẾT HOA THỜI TRANG NAM CHẤT LIỆU G01', 'ao-so-mi-nam-purt-dai-tay-hang-mua-xuan-thu-dong-theu-hoa-tiet-hoa-thoi-trang-nam-chat-lieu-g01', 590000, 'quanao5.jpg', '<div class=\"form-group\" style=\"margin-bottom: 5px; margin-right: -5px; margin-left: -5px; color: rgb(51, 51, 51); font-family: Lato, sans-serif;\"><div class=\"chuy col-md-12\" style=\"padding-right: 5px; padding-left: 5px; width: 629.2px; margin-top: 10px;\"><p style=\"margin-bottom: 0px; padding: 0px; border: 0px; outline: 0px; vertical-align: baseline; background: transparent; line-height: inherit; color: inherit; font-family: inherit; font-weight: inherit; font-style: inherit;\">Dịch vụ: thanh toán khi nhận hàng, đổi size nếu không vừa, xem hàng trước khi nhận.</p><h4 style=\"font-weight: inherit; line-height: inherit; color: inherit; margin: 0px; font-size: 14px; padding: 0px; border: 0px; outline: 0px; vertical-align: baseline; background: transparent; font-style: inherit;\">Lưu ý:</h4><p style=\"margin-bottom: 0px; padding: 0px; border: 0px; outline: 0px; vertical-align: baseline; background: transparent; line-height: inherit; color: inherit; font-family: inherit; font-weight: inherit; font-style: inherit;\">Sản phẩm váy, áo, quần cắt may có thể chênh lệch 1 – 2 (cm).<br>Do ánh sáng và thiết bị chụp hình, màu sắc hình ảnh và thực tế có thể có chênh lệch nhỏ.</p></div></div><p><div class=\"comment-question pro-detail\" style=\"color: rgb(51, 51, 51); font-family: Lato, sans-serif;\"><div class=\"cm-wrapper\"></div></div></p><div class=\"form-group\" style=\"box-sizing: border-box; margin-bottom: 5px; margin-right: -5px; margin-left: -5px; color: rgb(51, 51, 51); font-family: Lato, sans-serif; font-size: 14px; font-style: normal; font-variant-ligatures: normal; font-variant-caps: normal; font-weight: 400; letter-spacing: normal; orphans: 2; text-align: start; text-indent: 0px; text-transform: none; white-space: normal; widows: 2; word-spacing: 0px; -webkit-text-stroke-width: 0px; background-color: rgb(255, 255, 255); text-decoration-thickness: initial; text-decoration-style: initial; text-decoration-color: initial;\"><label class=\"col-sm-3 control-label\" style=\"box-sizing: border-box; display: inline; max-width: 100%; margin: 0px; font-weight: normal; padding: 7px 5px 0px; border: 0px; outline: 0px; font-size: 14px; vertical-align: baseline; background: transparent; line-height: inherit; color: rgb(108, 108, 108); font-family: inherit; font-style: inherit; position: relative; min-height: 1px; float: left; width: 157.3px; text-align: right;\"></label><div class=\"col-sm-9 price\" style=\"box-sizing: border-box; position: relative; min-height: 1px; padding-right: 5px; padding-left: 5px; float: left; width: 471.9px;\"><div style=\"box-sizing: border-box; color: orange;\"></div></div></div>', 2, '2024-06-19 20:46:47', '2024-06-19 20:53:18'),
(26, 'ĐỒ BỘ NAM SHRYOL DÀI TAY CẢ BỘ 2 MÓN HÀNG MÙA XUÂN THU ĐÔNG TRUNG NIÊN THỜI TRANG NAM CHẤT LIỆU G02', 'do-bo-nam-shryol-dai-tay-ca-bo-2-mon-hang-mua-xuan-thu-dong-trung-nien-thoi-trang-nam-chat-lieu-g02', 780000, 'quanao6.jpg', '<p style=\"margin-bottom: 0px; padding: 0px; border: 0px; outline: 0px; vertical-align: baseline; background-image: initial; background-position: initial; background-size: initial; background-repeat: initial; background-attachment: initial; background-origin: initial; background-clip: initial; line-height: inherit; color: rgb(51, 51, 51); font-family: Lato, sans-serif;\">Dịch vụ: thanh toán khi nhận hàng, đổi size nếu không vừa, xem hàng trước khi nhận.</p><h4 style=\"font-family: Lato, sans-serif; font-weight: inherit; line-height: inherit; color: rgb(51, 51, 51); margin: 0px; font-size: 14px; padding: 0px; border: 0px; outline: 0px; vertical-align: baseline; background-image: initial; background-position: initial; background-size: initial; background-repeat: initial; background-attachment: initial; background-origin: initial; background-clip: initial;\">Lưu ý:</h4><p style=\"margin-bottom: 0px; padding: 0px; border: 0px; outline: 0px; vertical-align: baseline; background-image: initial; background-position: initial; background-size: initial; background-repeat: initial; background-attachment: initial; background-origin: initial; background-clip: initial; line-height: inherit; color: rgb(51, 51, 51); font-family: Lato, sans-serif;\">Sản phẩm váy, áo, quần cắt may có thể chênh lệch 1 – 2 (cm).<br>Do ánh sáng và thiết bị chụp hình, màu sắc hình ảnh và thực tế có thể có chênh lệch nhỏ.</p>', 2, '2024-06-19 20:47:34', '2024-06-19 20:53:03'),
(27, 'ÁO THUN NAM GURYNG NGẮN TAY HÀNG MÙA HÈ PHỤC CỔ CỔ ĐIỂN THỜI TRANG NAM CHẤT LIỆU VẢI BÔNG G02', 'ao-thun-nam-guryng-ngan-tay-hang-mua-he-phuc-co-co-dien-thoi-trang-nam-chat-lieu-vai-bong-g02', 630000, 'quanao7.jpg', '<p style=\"margin-bottom: 0px; padding: 0px; border: 0px; outline: 0px; vertical-align: baseline; background-image: initial; background-position: initial; background-size: initial; background-repeat: initial; background-attachment: initial; background-origin: initial; background-clip: initial; line-height: inherit; color: rgb(51, 51, 51); font-family: Lato, sans-serif;\">Dịch vụ: thanh toán khi nhận hàng, đổi size nếu không vừa, xem hàng trước khi nhận.</p><h4 style=\"font-family: Lato, sans-serif; font-weight: inherit; line-height: inherit; color: rgb(51, 51, 51); margin: 0px; font-size: 14px; padding: 0px; border: 0px; outline: 0px; vertical-align: baseline; background-image: initial; background-position: initial; background-size: initial; background-repeat: initial; background-attachment: initial; background-origin: initial; background-clip: initial;\">Lưu ý:</h4><p style=\"margin-bottom: 0px; padding: 0px; border: 0px; outline: 0px; vertical-align: baseline; background-image: initial; background-position: initial; background-size: initial; background-repeat: initial; background-attachment: initial; background-origin: initial; background-clip: initial; line-height: inherit; color: rgb(51, 51, 51); font-family: Lato, sans-serif;\">Sản phẩm váy, áo, quần cắt may có thể chênh lệch 1 – 2 (cm).<br>Do ánh sáng và thiết bị chụp hình, màu sắc hình ảnh và thực tế có thể có chênh lệch nhỏ.</p>', 2, '2024-06-19 20:48:20', '2024-06-19 20:52:46'),
(28, 'ÁO THUN NAM HATDN HÀNG MÙA HÈ HỌA TIẾT HOA KÍN CỔ THỜI TRANG NAM CHẤT LIỆU G01', 'ao-thun-nam-hatdn-hang-mua-he-hoa-tiet-hoa-kin-co-thoi-trang-nam-chat-lieu-g01', 430000, 'quanao8.jpg', '<p style=\"margin-bottom: 0px; padding: 0px; border: 0px; outline: 0px; vertical-align: baseline; background-image: initial; background-position: initial; background-size: initial; background-repeat: initial; background-attachment: initial; background-origin: initial; background-clip: initial; line-height: inherit; color: rgb(51, 51, 51); font-family: Lato, sans-serif;\">Dịch vụ: thanh toán khi nhận hàng, đổi size nếu không vừa, xem hàng trước khi nhận.</p><h4 style=\"font-family: Lato, sans-serif; font-weight: inherit; line-height: inherit; color: rgb(51, 51, 51); margin: 0px; font-size: 14px; padding: 0px; border: 0px; outline: 0px; vertical-align: baseline; background-image: initial; background-position: initial; background-size: initial; background-repeat: initial; background-attachment: initial; background-origin: initial; background-clip: initial;\">Lưu ý:</h4><p style=\"margin-bottom: 0px; padding: 0px; border: 0px; outline: 0px; vertical-align: baseline; background-image: initial; background-position: initial; background-size: initial; background-repeat: initial; background-attachment: initial; background-origin: initial; background-clip: initial; line-height: inherit; color: rgb(51, 51, 51); font-family: Lato, sans-serif;\">Sản phẩm váy, áo, quần cắt may có thể chênh lệch 1 – 2 (cm).<br>Do ánh sáng và thiết bị chụp hình, màu sắc hình ảnh và thực tế có thể có chênh lệch nhỏ.</p>', 2, '2024-06-19 20:49:01', '2024-06-19 20:52:31'),
(29, 'ÁO DA NAM SHRYOL HÀNG MÙA XUÂN THU ĐÔNG PHONG CÁCH HÀN QUỐC THÊU HỌA TIẾT HOA THỜI TRANG NAM CHẤT LIỆU G03', 'ao-da-nam-shryol-hang-mua-xuan-thu-dong-phong-cach-han-quoc-theu-hoa-tiet-hoa-thoi-trang-nam-chat-lieu-g03', 830000, 'quanao9.jpg', '<p style=\"margin-bottom: 0px; padding: 0px; border: 0px; outline: 0px; vertical-align: baseline; background-image: initial; background-position: initial; background-size: initial; background-repeat: initial; background-attachment: initial; background-origin: initial; background-clip: initial; line-height: inherit; color: rgb(51, 51, 51); font-family: Lato, sans-serif;\">Dịch vụ: thanh toán khi nhận hàng, đổi size nếu không vừa, xem hàng trước khi nhận.</p><h4 style=\"font-family: Lato, sans-serif; font-weight: inherit; line-height: inherit; color: rgb(51, 51, 51); margin: 0px; font-size: 14px; padding: 0px; border: 0px; outline: 0px; vertical-align: baseline; background-image: initial; background-position: initial; background-size: initial; background-repeat: initial; background-attachment: initial; background-origin: initial; background-clip: initial;\">Lưu ý:</h4><p style=\"margin-bottom: 0px; padding: 0px; border: 0px; outline: 0px; vertical-align: baseline; background-image: initial; background-position: initial; background-size: initial; background-repeat: initial; background-attachment: initial; background-origin: initial; background-clip: initial; line-height: inherit; color: rgb(51, 51, 51); font-family: Lato, sans-serif;\">Sản phẩm váy, áo, quần cắt may có thể chênh lệch 1 – 2 (cm).<br>Do ánh sáng và thiết bị chụp hình, màu sắc hình ảnh và thực tế có thể có chênh lệch nhỏ.</p>', 2, '2024-06-19 20:50:04', '2024-06-19 20:51:32'),
(30, 'ÁO KHOÁC NAM TOREAN HÀNG MÙA HÈ THOÁNG KHÍ THỜI TRANG NAM CHẤT LIỆU G02', 'ao-khoac-nam-torean-hang-mua-he-thoang-khi-thoi-trang-nam-chat-lieu-g02', 700000, 'quanao10.jpg', '<p style=\"margin-bottom: 0px; padding: 0px; border: 0px; outline: 0px; vertical-align: baseline; background-image: initial; background-position: initial; background-size: initial; background-repeat: initial; background-attachment: initial; background-origin: initial; background-clip: initial; line-height: inherit; color: rgb(51, 51, 51); font-family: Lato, sans-serif;\">Dịch vụ: thanh toán khi nhận hàng, đổi size nếu không vừa, xem hàng trước khi nhận.</p><h4 style=\"font-family: Lato, sans-serif; font-weight: inherit; line-height: inherit; color: rgb(51, 51, 51); margin: 0px; font-size: 14px; padding: 0px; border: 0px; outline: 0px; vertical-align: baseline; background-image: initial; background-position: initial; background-size: initial; background-repeat: initial; background-attachment: initial; background-origin: initial; background-clip: initial;\">Lưu ý:</h4><p style=\"margin-bottom: 0px; padding: 0px; border: 0px; outline: 0px; vertical-align: baseline; background-image: initial; background-position: initial; background-size: initial; background-repeat: initial; background-attachment: initial; background-origin: initial; background-clip: initial; line-height: inherit; color: rgb(51, 51, 51); font-family: Lato, sans-serif;\">Sản phẩm váy, áo, quần cắt may có thể chênh lệch 1 – 2 (cm).<br>Do ánh sáng và thiết bị chụp hình, màu sắc hình ảnh và thực tế có thể có chênh lệch nhỏ.</p>', 2, '2024-06-19 20:50:41', '2024-06-19 20:51:13'),
(31, 'Laptop cũ Dell Latitude E7470 - Intel Core i7', 'laptop-cu-dell-latitude-e7470-intel-core-i7', 5990000, 'maytinh1.png', '<h1 style=\"margin-top: 10pt; margin-bottom: 0pt; font-family: Roboto, sans-serif; line-height: 1.38; color: rgb(34, 34, 34); font-size: 20px; text-align: center;\"><span style=\"margin: 0px; font-size: 24pt;\">L<a href=\"https://laptop88.vn/laptop-dell.html\" target=\"_blank\" style=\"margin: 0px; font-family: Roboto, sans-serif; color: rgb(0, 0, 0); text-decoration: none;\">aptop Dell</a>&nbsp;Latitude 7470 - Bền, Sang, Cơ động tốt</span></h1><p style=\"margin-bottom: 0px; font-family: Roboto, sans-serif; line-height: 20px; padding-bottom: 10px; color: rgb(34, 34, 34); text-align: justify;\"><span style=\"margin: 0px; font-family: arial, helvetica, sans-serif; font-size: 8pt;\"><span style=\"margin: 0px; font-family: Roboto, sans-serif; font-weight: bolder;\"><em style=\"margin: 0px;\"><span style=\"margin: 0px; color: rgb(51, 51, 51); font-variant-numeric: normal; font-variant-east-asian: normal; vertical-align: baseline; white-space: pre-wrap;\"></span></em></span></span></p><p style=\"margin-bottom: 0px; font-family: Roboto, sans-serif; line-height: 20px; padding-bottom: 10px; color: rgb(34, 34, 34); text-align: justify;\"><span style=\"margin: 0px; font-family: arial, helvetica, sans-serif; font-size: 14pt;\"><span style=\"margin: 0px; font-family: Roboto, sans-serif; font-weight: bolder;\"><em style=\"margin: 0px;\"><span style=\"margin: 0px; color: rgb(51, 51, 51); font-variant-numeric: normal; font-variant-east-asian: normal; vertical-align: baseline; white-space: pre-wrap;\">Dell Latitude E7470 i7 </span></em><span style=\"margin: 0px; color: rgb(51, 51, 51); font-weight: 400; font-variant-numeric: normal; font-variant-east-asian: normal; vertical-align: baseline; white-space: pre-wrap;\">là dòng </span><a href=\"https://laptop88.vn/laptop-sinh-vien-van-phong.html\" target=\"_blank\" style=\"margin: 0px; font-family: Roboto, sans-serif; color: rgb(0, 0, 0); text-decoration: none;\"><span style=\"margin: 0px; color: rgb(51, 51, 51); font-weight: 400; font-variant-numeric: normal; font-variant-east-asian: normal; vertical-align: baseline; white-space: pre-wrap;\">laptop văn phòng</span></a><span style=\"margin: 0px; color: rgb(51, 51, 51); font-weight: 400; font-variant-numeric: normal; font-variant-east-asian: normal; vertical-align: baseline; white-space: pre-wrap;\"> nổi được nhiều người lựa chọn. Sản phẩm </span><a href=\"https://laptop88.vn/laptop-dell-cu.html\" target=\"_blank\" style=\"margin: 0px; font-family: Roboto, sans-serif; color: rgb(0, 0, 0); text-decoration: none;\"><span style=\"margin: 0px; color: rgb(51, 51, 51); font-weight: 400; font-variant-numeric: normal; font-variant-east-asian: normal; vertical-align: baseline; white-space: pre-wrap;\">laptop Dell cũ</span></a><span style=\"margin: 0px; color: rgb(51, 51, 51); font-weight: 400; font-variant-numeric: normal; font-variant-east-asian: normal; vertical-align: baseline; white-space: pre-wrap;\"> này có thiết kế sang trọng, đưa tới cho bạn khả năng cơ động tốt. Ngoài ra, đây cũng là sản phẩm </span><a href=\"https://laptop88.vn/laptop-cu.html\" target=\"_blank\" style=\"margin: 0px; font-family: Roboto, sans-serif; color: rgb(0, 0, 0); text-decoration: none;\"><span style=\"margin: 0px; color: rgb(51, 51, 51); font-weight: 400; font-variant-numeric: normal; font-variant-east-asian: normal; vertical-align: baseline; white-space: pre-wrap;\">laptop cũ</span></a><span style=\"margin: 0px; color: rgb(51, 51, 51); font-weight: 400; font-variant-numeric: normal; font-variant-east-asian: normal; vertical-align: baseline; white-space: pre-wrap;\"> có được độ bền rất ấn tượng. Ngoài ra, sản phẩm </span><a href=\"https://laptop88.vn/may-tinh-xach-tay.html\" target=\"_blank\" style=\"margin: 0px; font-family: Roboto, sans-serif; color: rgb(0, 0, 0); text-decoration: none;\"><span style=\"margin: 0px; color: rgb(51, 51, 51); font-weight: 400; font-variant-numeric: normal; font-variant-east-asian: normal; vertical-align: baseline; white-space: pre-wrap;\">máy tính xách tay</span></a><span style=\"margin: 0px; color: rgb(51, 51, 51); font-weight: 400; font-variant-numeric: normal; font-variant-east-asian: normal; vertical-align: baseline; white-space: pre-wrap;\">/ </span><a href=\"https://laptop88.vn/may-tinh-xach-tay.html\" target=\"_blank\" style=\"margin: 0px; font-family: Roboto, sans-serif; color: rgb(0, 0, 0); text-decoration: none;\"><span style=\"margin: 0px; color: rgb(51, 51, 51); font-weight: 400; font-variant-numeric: normal; font-variant-east-asian: normal; vertical-align: baseline; white-space: pre-wrap;\">laptop</span></a><span style=\"margin: 0px; color: rgb(51, 51, 51); font-weight: 400; font-variant-numeric: normal; font-variant-east-asian: normal; vertical-align: baseline; white-space: pre-wrap;\"> này còn có ưu điểm gì? Cùng tham khảo trong topic dưới đây nhé.</span></span></span></p><p style=\"margin-top: 10pt; margin-bottom: 0pt; font-family: Roboto, sans-serif; line-height: 1.38; padding-bottom: 10px; color: rgb(34, 34, 34); text-align: justify;\">&nbsp;</p><ul style=\"margin-right: 0px; margin-bottom: 0px; margin-left: 0px; font-family: Roboto, sans-serif; list-style: none; padding-left: 0px; color: rgb(34, 34, 34); padding-inline-start: 48px; text-align: justify;\"><li style=\"margin: 0px; font-family: Arial; list-style: disc; font-size: 14pt; color: rgb(51, 51, 51); background-color: transparent; font-variant-numeric: normal; font-variant-east-asian: normal; vertical-align: baseline; white-space: pre;\"><em style=\"margin: 0px; font-family: Roboto, sans-serif;\"><span style=\"margin: 0px; font-family: Arial; font-size: 14pt; color: rgb(255, 0, 0); font-variant-numeric: normal; font-variant-east-asian: normal; vertical-align: baseline; white-space: pre-wrap;\">Thiết kế mỏng nhẹ, bền chắc. Khung và vỏ máy được hoàn thiện từ vật liệu chịu lực, hạn chế tối đa nhưng hỏng hóc do ngoại lực gây ra.</span></em></li><li style=\"margin: 0px; font-family: Arial; list-style: disc; font-size: 14pt; color: rgb(51, 51, 51); background-color: transparent; font-variant-numeric: normal; font-variant-east-asian: normal; vertical-align: baseline; white-space: pre;\"><em style=\"margin: 0px; font-family: Roboto, sans-serif;\"><span style=\"margin: 0px; font-family: Arial; font-size: 14pt; color: rgb(255, 0, 0); font-variant-numeric: normal; font-variant-east-asian: normal; vertical-align: baseline; white-space: pre-wrap;\">Chip Intel Core i7 cung cấp cho hệ thống hiệu năng đủ khỏe để duy trì hoạt động ổn định. RAM 8GB, SSD 240GB cho khả năng đa nhiệm mượt, bạn có thể mở cùng lúc 5 - 7 tab mà máy vẫn đáp ứng tốt</span></em></li><li style=\"margin: 0px; font-family: Arial; list-style: disc; font-size: 14pt; color: rgb(51, 51, 51); background-color: transparent; font-variant-numeric: normal; font-variant-east-asian: normal; vertical-align: baseline; white-space: pre;\"><em style=\"margin: 0px; font-family: Roboto, sans-serif;\"><span style=\"margin: 0px; font-family: Arial; font-size: 14pt; color: rgb(255, 0, 0); font-variant-numeric: normal; font-variant-east-asian: normal; vertical-align: baseline; white-space: pre-wrap;\">Màn hình lớn, đa dạng cổng kết nối hỗ trợ tối đa cho quá trình làm việc và giải trí.</span></em></li></ul>', 3, '2024-06-19 23:58:03', '2024-06-19 23:58:03'),
(32, 'Samsung Galaxy ChromeBook 2 XE530QDA-KA1US - Intel Core i3-10110U | 13.3 Inch Full HD QLED', 'samsung-galaxy-chromebook-2-xe530qda-ka1us-intel-core-i3-10110u-133-inch-full-hd-qled', 9990000, 'maytinh2.jpg', '<h1 style=\"margin-top: 0px; margin-bottom: 0.5rem; font-family: Roboto, sans-serif; color: rgb(34, 34, 34); font-size: 20px; text-align: center; line-height: 1.2 !important;\"><span style=\"margin: 0px; font-size: 24pt;\">Samsung Galaxy ChromeBook 2: Laptop 2-in-1 RẺ NHẤT - Màn QLED sắc nét rực rỡ ĐẸP NHẤT TẦM GIÁ</span></h1><p style=\"margin-bottom: 0px; font-family: Roboto, sans-serif; line-height: 20px; padding-bottom: 10px; color: rgb(34, 34, 34); text-align: justify;\">&nbsp;</p><p style=\"margin-bottom: 0px; font-family: Roboto, sans-serif; line-height: 20px; padding-bottom: 10px; color: rgb(34, 34, 34); text-align: justify;\"><span style=\"margin: 0px; font-size: 14pt; color: rgb(0, 0, 0);\">Chỉ chưa đến 10 triệu đồng, bạn đã sở hữu ngay chiếc laptop 2-in-1 tích hợp liền mạch cả hệ sinh thái của Google và Galaxy với điểm nổi bật là màn QLED sắc nét rực rỡ, sống động,&nbsp;<span style=\"margin: 0px; font-weight: bolder;\"><a href=\"https://laptop88.vn/new-100-samsung-galaxy-chromebook-2-xe530qda-ka1us-intel-core-i3-10110u-13.3-inch-full-hd.html\" target=\"_blank\" style=\"margin: 0px; font-family: Roboto, sans-serif; color: rgb(0, 0, 0); text-decoration: none;\">Samsung Galaxy ChromeBook 2</a></span>&nbsp;là chiếc laptop,&nbsp;<a href=\"https://laptop88.vn/may-tinh-xach-tay.html\" target=\"_blank\" style=\"margin: 0px; font-family: Roboto, sans-serif; color: rgb(0, 0, 0); text-decoration: none;\">máy tính xách tay</a>&nbsp;mà học sinh, sinh viên hay dân văn phòng không nên bỏ qua. Hãy cùng tìm hiểu chi tiết về mẫu laptop Samsung Galaxy ChromeBook 2 ở nội dung dưới đây nhé!</span></p><p style=\"margin-bottom: 0px; font-family: Roboto, sans-serif; line-height: 20px; padding-bottom: 10px; color: rgb(34, 34, 34); text-align: justify;\"><em style=\"margin: 0px;\"><span style=\"margin: 0px; font-size: 14pt; color: rgb(255, 0, 0);\">- Ngoại hình đẹp sang với tông màu đỏ rực bắt mắt, thiết kế mỏng nhẹ và kích thước 13 inch dễ dàng bỏ gọn trong túi xách balo.</span></em></p><p style=\"margin-bottom: 0px; font-family: Roboto, sans-serif; line-height: 20px; padding-bottom: 10px; color: rgb(34, 34, 34); text-align: justify;\"><em style=\"margin: 0px;\"><span style=\"margin: 0px; font-size: 14pt; color: rgb(255, 0, 0);\">- Màn hình Full HD với tấm nền QLED cao cấp đem đến hình ảnh siêu sắc nét, sống động và chân thực tối ưu.</span></em></p><p style=\"margin-bottom: 0px; font-family: Roboto, sans-serif; line-height: 20px; padding-bottom: 10px; color: rgb(34, 34, 34); text-align: justify;\"><em style=\"margin: 0px;\"><span style=\"margin: 0px; font-size: 14pt; color: rgb(255, 0, 0);\">- Có khả năng xoay gập 360 độ linh hoạt, dễ dàng chuyển đổi sang nhiều chế độ dạng lều hay máy tính bảng gọn nhẹ để phù hợp với mọi nhu cầu của người dùng.</span></em></p><p style=\"margin-bottom: 0px; font-family: Roboto, sans-serif; line-height: 20px; padding-bottom: 10px; color: rgb(34, 34, 34); text-align: justify;\"><em style=\"margin: 0px;\"><span style=\"margin: 0px; font-size: 14pt; color: rgb(255, 0, 0);\">- Chip i3-10110U giúp xử lý những tác vụ văn phòng cơ bản, chạy tốt các phần mềm Office hay đa nhiệm mượt mà.</span></em></p>', 3, '2024-06-19 23:59:33', '2024-06-19 23:59:33'),
(33, 'Laptop Cũ Dell Inspiron Gaming G3 3590 - Intel Core i5-9300H | GTX 1650', 'laptop-cu-dell-inspiron-gaming-g3-3590-intel-core-i5-9300h-gtx-1650', 10990000, 'maytinh3.jpg', '<h1 style=\"margin-top: 0pt; margin-bottom: 0pt; font-family: Roboto, sans-serif; line-height: 1.38; color: rgb(34, 34, 34); font-size: 20px; text-align: center;\"><span style=\"margin: 0px; font-family: Arial; font-size: 24pt; color: rgb(0, 0, 0); background-color: transparent; font-variant-numeric: normal; font-variant-east-asian: normal; vertical-align: baseline; white-space: pre-wrap;\">Dell Gaming G3 3590 i5</span></h1><h1 style=\"margin-top: 0pt; margin-bottom: 0pt; font-family: Roboto, sans-serif; line-height: 1.38; color: rgb(34, 34, 34); font-size: 20px; text-align: center; padding: 0pt 0pt 2.25pt;\"><span style=\"margin: 0px; font-family: Arial; font-size: 24pt; color: rgb(0, 0, 0); background-color: transparent; font-variant-numeric: normal; font-variant-east-asian: normal; vertical-align: baseline; white-space: pre-wrap;\">Bền bỉ, lịch lãm, chiến game mạnh mẽ</span></h1><p style=\"margin-bottom: 0px; font-family: Roboto, sans-serif; line-height: 20px; padding-bottom: 10px; color: rgb(34, 34, 34);\"><span style=\"margin: 0px; font-weight: bolder;\"><span style=\"margin: 0px; font-weight: bolder;\">&nbsp;</span></span></p><p style=\"margin-top: 0pt; margin-bottom: 0pt; font-family: Roboto, sans-serif; line-height: 1.656; padding-bottom: 10px; color: rgb(34, 34, 34); text-align: justify;\"><a href=\"https://laptop88.vn/laptop-cu-dell-gaming-g3-3590-intel-core-i5/p5587.html\" style=\"margin: 0px; font-family: Roboto, sans-serif; color: rgb(0, 0, 0); text-decoration: none;\"><span style=\"margin: 0px; font-weight: bolder;\"><span style=\"margin: 0px; font-family: Arial; font-size: 14pt; background-color: transparent; font-variant-numeric: normal; font-variant-east-asian: normal; vertical-align: baseline; white-space: pre-wrap;\">Dell gaming G3 3590</span></span></a><span style=\"margin: 0px; font-family: Arial; font-size: 14pt; color: rgb(0, 0, 0); background-color: transparent; font-variant-numeric: normal; font-variant-east-asian: normal; vertical-align: baseline; white-space: pre-wrap;\"> là mẫu </span><a href=\"https://laptop88.vn/laptop-dell-cu.html\" target=\"_blank\" style=\"margin: 0px; font-family: Roboto, sans-serif; color: rgb(0, 0, 0); text-decoration: none;\"><span style=\"margin: 0px; font-family: Arial; font-size: 14pt; background-color: transparent; font-variant-numeric: normal; font-variant-east-asian: normal; vertical-align: baseline; white-space: pre-wrap;\">laptop Dell cũ</span></a><span style=\"margin: 0px; font-family: Arial; font-size: 14pt; color: rgb(0, 0, 0); background-color: transparent; font-variant-numeric: normal; font-variant-east-asian: normal; vertical-align: baseline; white-space: pre-wrap;\"> sở hữu hiệu năng mạnh mẽ đảm bảo phục vụ đầy đủ mọi nhu cầu của game thủ với chip Intel thế hệ thứ 9. Chiếc </span><a href=\"https://laptop88.vn/laptop-dell.html\" target=\"_blank\" style=\"margin: 0px; font-family: Roboto, sans-serif; color: rgb(0, 0, 0); text-decoration: none;\"><span style=\"margin: 0px; font-family: Arial; font-size: 14pt; background-color: transparent; font-variant-numeric: normal; font-variant-east-asian: normal; vertical-align: baseline; white-space: pre-wrap;\">laptop Dell</span></a><span style=\"margin: 0px; font-family: Arial; font-size: 14pt; color: rgb(0, 0, 0); background-color: transparent; font-variant-numeric: normal; font-variant-east-asian: normal; vertical-align: baseline; white-space: pre-wrap;\"> này sở hữu thiết kế lịch lãm cân bằng giữa môi trường chơi game và công việc. Với mức giá vô cùng hợp lý, </span><a href=\"https://laptop88.vn/laptop-cu.html\" target=\"_blank\" style=\"margin: 0px; font-family: Roboto, sans-serif; color: rgb(0, 0, 0); text-decoration: none;\"><span style=\"margin: 0px; font-family: Arial; font-size: 14pt; background-color: transparent; font-variant-numeric: normal; font-variant-east-asian: normal; vertical-align: baseline; white-space: pre-wrap;\">laptop cũ</span></a><span style=\"margin: 0px; font-family: Arial; font-size: 14pt; color: rgb(0, 0, 0); background-color: transparent; font-variant-numeric: normal; font-variant-east-asian: normal; vertical-align: baseline; white-space: pre-wrap;\"> Dell G3 3590 xứng đáng là một trong những chiếc laptop gaming đáng trải nghiệm. Hãy tìm hiểu chi tiết mẫu </span><a href=\"https://laptop88.vn/may-tinh-xach-tay.html\" target=\"_blank\" style=\"margin: 0px; font-family: Roboto, sans-serif; color: rgb(0, 0, 0); text-decoration: none;\"><span style=\"margin: 0px; font-family: Arial; font-size: 14pt; background-color: transparent; font-variant-numeric: normal; font-variant-east-asian: normal; vertical-align: baseline; white-space: pre-wrap;\">máy tính xách tay</span></a><span style=\"margin: 0px; font-family: Arial; font-size: 14pt; color: rgb(0, 0, 0); background-color: transparent; font-variant-numeric: normal; font-variant-east-asian: normal; vertical-align: baseline; white-space: pre-wrap;\">, </span><a href=\"https://laptop88.vn/may-tinh-xach-tay.html\" target=\"_blank\" style=\"margin: 0px; font-family: Roboto, sans-serif; color: rgb(0, 0, 0); text-decoration: none;\"><span style=\"margin: 0px; font-family: Arial; font-size: 14pt; background-color: transparent; font-variant-numeric: normal; font-variant-east-asian: normal; vertical-align: baseline; white-space: pre-wrap;\">laptop</span></a><span style=\"margin: 0px; font-family: Arial; font-size: 14pt; color: rgb(0, 0, 0); background-color: transparent; font-variant-numeric: normal; font-variant-east-asian: normal; vertical-align: baseline; white-space: pre-wrap;\"> này ngay trong nội dung dưới đây.</span></p>', 3, '2024-06-20 00:00:59', '2024-06-20 00:00:59');
INSERT INTO `products` (`prod_id`, `prod_name`, `prod_slug`, `price`, `img`, `description`, `prod_cate`, `created_at`, `updated_at`) VALUES
(34, 'Laptop Asus Zenbook 14 OLED Q415M-U5512 - Intel Core Ultra 5-125H | 14 Inch WUXGA OLED Touch', 'laptop-asus-zenbook-14-oled-q415m-u5512-intel-core-ultra-5-125h-14-inch-wuxga-oled-touch', 15990000, 'maytinh4.jpg', '<h1 style=\"margin-top: 0pt; margin-bottom: 0pt; font-family: Roboto, sans-serif; line-height: 1.656; color: rgb(34, 34, 34); font-size: 20px; text-align: center;\"><span style=\"margin: 0px; font-weight: bolder;\"><span style=\"margin: 0px; font-family: Arial, sans-serif; font-size: 24pt; color: rgb(0, 0, 0); background-color: transparent; font-variant-numeric: normal; font-variant-east-asian: normal; vertical-align: baseline; white-space: pre-wrap;\">Asus Zenbook 14 OLED Q415M</span></span></h1><h1 style=\"margin-top: 0pt; margin-bottom: 0pt; font-family: Roboto, sans-serif; line-height: 1.656; color: rgb(34, 34, 34); font-size: 20px; text-align: center;\"><span style=\"margin: 0px; font-weight: bolder;\"><span style=\"margin: 0px; font-family: Arial, sans-serif; font-size: 24pt; color: rgb(0, 0, 0); background-color: transparent; font-variant-numeric: normal; font-variant-east-asian: normal; vertical-align: baseline; white-space: pre-wrap;\">Chip Core Ultra 5 mới 2024 cực khỏe</span></span></h1><h1 style=\"margin-top: 0pt; margin-bottom: 0pt; font-family: Roboto, sans-serif; line-height: 1.656; color: rgb(34, 34, 34); font-size: 20px; text-align: center;\"><span style=\"margin: 0px; font-weight: bolder;\"><span style=\"margin: 0px; font-family: Arial, sans-serif; font-size: 24pt; color: rgb(0, 0, 0); background-color: transparent; font-variant-numeric: normal; font-variant-east-asian: normal; vertical-align: baseline; white-space: pre-wrap;\">Màn OLED chuẩn màu 100% DCI-P3 </span></span><span style=\"margin: 0px; font-weight: bolder;\"><span style=\"margin: 0px; font-family: Arial, sans-serif; font-size: 24pt; color: rgb(0, 0, 0); background-color: transparent; font-variant-numeric: normal; font-variant-east-asian: normal; vertical-align: baseline; white-space: pre-wrap;\">ĐẸP ĐỈNH&nbsp;</span></span></h1><p style=\"margin-top: 0pt; margin-bottom: 0pt; font-family: Roboto, sans-serif; line-height: 1.656; padding-bottom: 10px; color: rgb(34, 34, 34); text-align: justify;\">&nbsp;</p><p style=\"margin-top: 0pt; margin-bottom: 0pt; font-family: Roboto, sans-serif; line-height: 1.656; padding-bottom: 10px; color: rgb(34, 34, 34); text-align: justify;\"><span style=\"margin: 0px; color: rgb(0, 0, 0);\"><a href=\"https://laptop88.vn/laptop-asus.html\" target=\"_blank\" style=\"margin: 0px; font-family: Roboto, sans-serif; color: rgb(0, 0, 0); text-decoration: none;\"><span style=\"margin: 0px; font-family: Arial, sans-serif; font-size: 14pt; background-color: transparent; font-variant-numeric: normal; font-variant-east-asian: normal; vertical-align: baseline; white-space: pre-wrap;\">Laptop ASUS</span></a><span style=\"margin: 0px; font-family: Arial, sans-serif; font-size: 14pt; background-color: transparent; font-variant-numeric: normal; font-variant-east-asian: normal; vertical-align: baseline; white-space: pre-wrap;\"> là một thương hiệu lớn ở mảng </span><a href=\"https://laptop88.vn/may-tinh-xach-tay.html\" target=\"_blank\" style=\"margin: 0px; font-family: Roboto, sans-serif; color: rgb(0, 0, 0); text-decoration: none;\"><span style=\"margin: 0px; font-family: Arial, sans-serif; font-size: 14pt; background-color: transparent; font-variant-numeric: normal; font-variant-east-asian: normal; vertical-align: baseline; white-space: pre-wrap;\">laptop</span></a><span style=\"margin: 0px; font-family: Arial, sans-serif; font-size: 14pt; background-color: transparent; font-variant-numeric: normal; font-variant-east-asian: normal; vertical-align: baseline; white-space: pre-wrap;\"> - </span><a href=\"https://laptop88.vn/may-tinh-xach-tay.html\" target=\"_blank\" style=\"margin: 0px; font-family: Roboto, sans-serif; color: rgb(0, 0, 0); text-decoration: none;\"><span style=\"margin: 0px; font-family: Arial, sans-serif; font-size: 14pt; background-color: transparent; font-variant-numeric: normal; font-variant-east-asian: normal; vertical-align: baseline; white-space: pre-wrap;\">máy tính xách tay</span></a><span style=\"margin: 0px; font-family: Arial, sans-serif; font-size: 14pt; background-color: transparent; font-variant-numeric: normal; font-variant-east-asian: normal; vertical-align: baseline; white-space: pre-wrap;\"> có sự đầu tư rất đa dạng về các dòng sản phẩm, thường xuyên đi đầu trong việc ra mắt các mẫu </span><a href=\"https://laptop88.vn/laptop-sinh-vien-van-phong.html\" target=\"_blank\" style=\"margin: 0px; font-family: Roboto, sans-serif; color: rgb(0, 0, 0); text-decoration: none;\"><span style=\"margin: 0px; font-family: Arial, sans-serif; font-size: 14pt; background-color: transparent; font-variant-numeric: normal; font-variant-east-asian: normal; vertical-align: baseline; white-space: pre-wrap;\">laptop văn phòng</span></a><span style=\"margin: 0px; font-family: Arial, sans-serif; font-size: 14pt; background-color: transparent; font-variant-numeric: normal; font-variant-east-asian: normal; vertical-align: baseline; white-space: pre-wrap;\"> đời mới nhất. Trong đó, phải kể đến </span><a href=\"https://laptop88.vn/new-100-laptop-asus-zenbook-14-oled-q415m-u5512-intel-core-ultra-5-125h-14-inch-wuxga-oled-touch.html\" style=\"margin: 0px; font-family: Roboto, sans-serif; color: rgb(0, 0, 0); text-decoration: none;\"><span style=\"margin: 0px; font-weight: bolder;\"><span style=\"margin: 0px; font-family: Arial, sans-serif; font-size: 14pt; background-color: transparent; font-variant-numeric: normal; font-variant-east-asian: normal; vertical-align: baseline; white-space: pre-wrap;\">Asus Zenbook 14 OLED Q415M</span></span></a><span style=\"margin: 0px; font-family: Arial, sans-serif; font-size: 14pt; background-color: transparent; font-variant-numeric: normal; font-variant-east-asian: normal; vertical-align: baseline; white-space: pre-wrap;\"> là chiếc </span><a href=\"https://laptop88.vn/laptop-mong-nhe-cao-cap.html\" target=\"_blank\" style=\"margin: 0px; font-family: Roboto, sans-serif; color: rgb(0, 0, 0); text-decoration: none;\"><span style=\"margin: 0px; font-family: Arial, sans-serif; font-size: 14pt; background-color: transparent; font-variant-numeric: normal; font-variant-east-asian: normal; vertical-align: baseline; white-space: pre-wrap;\">laptop mỏng nhẹ</span></a><span style=\"margin: 0px; font-family: Arial, sans-serif; font-size: 14pt; background-color: transparent; font-variant-numeric: normal; font-variant-east-asian: normal; vertical-align: baseline; white-space: pre-wrap;\"> đa năng và mạnh mẽ của dòng sản phẩm </span><a href=\"https://laptop88.vn/laptop-asus-zenbook.html\" target=\"_blank\" style=\"margin: 0px; font-family: Roboto, sans-serif; color: rgb(0, 0, 0); text-decoration: none;\"><span style=\"margin: 0px; font-family: Arial, sans-serif; font-size: 14pt; background-color: transparent; font-variant-numeric: normal; font-variant-east-asian: normal; vertical-align: baseline; white-space: pre-wrap;\">ASUS Zenbook</span></a><span style=\"margin: 0px; font-family: Arial, sans-serif; font-size: 14pt; background-color: transparent; font-variant-numeric: normal; font-variant-east-asian: normal; vertical-align: baseline; white-space: pre-wrap;\"> trong năm 2024. Với một sự kết hợp hoàn hảo giữa thiết kế tinh tế, hiệu suất mạnh mẽ và tính di động linh hoạt, mẫu laptop 2024 này hứa hẹn mang lại trải nghiệm sử dụng đỉnh cao cho người dùng từ công việc đến giải trí hàng ngày.</span></span></p><p style=\"margin-top: 0pt; margin-bottom: 0pt; font-family: Roboto, sans-serif; line-height: 1.656; padding-bottom: 10px; color: rgb(34, 34, 34); text-align: justify;\"><span style=\"margin: 0px; color: rgb(255, 0, 0);\"><em style=\"margin: 0px;\"><span style=\"margin: 0px; font-family: Arial, sans-serif; font-size: 14pt; background-color: transparent; font-variant-numeric: normal; font-variant-east-asian: normal; vertical-align: baseline; white-space: pre-wrap;\">- Hiệu năng vượt trội với cấu hình Core Ultra 5 125H - Mẫu chip Intel 2024 mới nhất hiện nay xử lý tốt mọi nhu cầu từ cơ bản tới phức tạp.&nbsp;</span></em></span></p><p style=\"margin-top: 0pt; margin-bottom: 0pt; font-family: Roboto, sans-serif; line-height: 1.656; padding-bottom: 10px; color: rgb(34, 34, 34); text-align: justify;\"><span style=\"margin: 0px; color: rgb(255, 0, 0);\"><em style=\"margin: 0px;\"><span style=\"margin: 0px; font-family: Arial, sans-serif; font-size: 14pt; background-color: transparent; font-variant-numeric: normal; font-variant-east-asian: normal; vertical-align: baseline; white-space: pre-wrap;\">- Màn hình đẹp tuyệt vời với kích thước 14 Inch cùng độ phân giải WUXGA OLED cảm ứng cho hình ảnh sắc nét, màu sắc rực rỡ rất đã mắt với độ phủ màu lên tới 100%DCI-P3 ~ 133% sRGB.</span></em></span></p><p style=\"margin-top: 0pt; margin-bottom: 0pt; font-family: Roboto, sans-serif; line-height: 1.656; padding-bottom: 10px; color: rgb(34, 34, 34); text-align: justify;\"><span style=\"margin: 0px; color: rgb(255, 0, 0);\"><em style=\"margin: 0px;\"><span style=\"margin: 0px; font-family: Arial, sans-serif; font-size: 14pt; background-color: transparent; font-variant-numeric: normal; font-variant-east-asian: normal; vertical-align: baseline; white-space: pre-wrap;\">- Kết cấu sang trọng và rất chắc chắn với vỏ kim loại siêu bền chống chịu va đập tốt.&nbsp;</span></em></span></p><p style=\"margin-top: 0pt; margin-bottom: 0pt; font-family: Roboto, sans-serif; line-height: 1.656; padding-bottom: 10px; color: rgb(34, 34, 34); text-align: justify;\"><span style=\"margin: 0px; color: rgb(255, 0, 0);\"><em style=\"margin: 0px;\"><span style=\"margin: 0px; font-family: Arial, sans-serif; font-size: 14pt; background-color: transparent; font-variant-numeric: normal; font-variant-east-asian: normal; vertical-align: baseline; white-space: pre-wrap;\">-&nbsp; Pin 75Wh cho phép bạn làm việc liên tục đến 9-10 tiếng suốt cả ngày dài không cần cắm sạc.</span></em></span></p>', 3, '2024-06-20 00:02:30', '2024-06-20 00:02:30'),
(35, 'Laptop HP Envy x360 14-es0033dx 7H9Y1UA - Intel Core i7-1355U | 16GB | SSD 1TB | 14 inch Full HD Touch', 'laptop-hp-envy-x360-14-es0033dx-7h9y1ua-intel-core-i7-1355u-16gb-ssd-1tb-14-inch-full-hd-touch', 18990000, 'maytinh5.jpg', '<h2 style=\"margin: 0px 0px 0.5rem; font-family: Roboto, sans-serif; line-height: 1.2; color: rgb(34, 34, 34); font-size: 2rem; padding-bottom: 10px; text-align: center;\"><span style=\"margin: 0px; font-size: 24pt;\"><span style=\"margin: 0px; font-weight: bolder;\">HP Envy x360 14 - Laptop văn phòng cao cấp - Thiết kế cực sang bền đẹp - Hiệu năng siêu khỏe chip i7 gen 13 - SSD 1TB</span></span></h2><p style=\"margin-bottom: 0px; font-family: Roboto, sans-serif; line-height: 20px; padding-bottom: 10px; color: rgb(34, 34, 34); text-align: justify;\">&nbsp;</p><p style=\"margin-bottom: 0px; font-family: Roboto, sans-serif; line-height: 20px; padding-bottom: 10px; color: rgb(34, 34, 34); text-align: justify;\"><span style=\"margin: 0px; font-size: 14pt;\"><span style=\"margin: 0px; font-weight: bolder;\"><a href=\"https://laptop88.vn/new-100-laptop-hp-envy-x360-14-es0033dx-7h9y1ua-intel-core-i7-1355u-16gb-ssd-1tb-14-inch-full-hd-touch.html\" style=\"margin: 0px; font-family: Roboto, sans-serif; color: rgb(0, 0, 0); text-decoration: none;\">HP Envy x360 14</a></span>&nbsp;được đánh giá là mẫu&nbsp;<a href=\"https://laptop88.vn/laptop-sinh-vien-van-phong.html\" target=\"_blank\" style=\"margin: 0px; font-family: Roboto, sans-serif; color: rgb(0, 0, 0); text-decoration: none;\">laptop văn phòng</a>&nbsp;siêu cao cấp, có khả năng xoay gập 360 độ đến từ thương hiệu&nbsp;<a href=\"https://laptop88.vn/hp.html\" target=\"_blank\" style=\"margin: 0px; font-family: Roboto, sans-serif; color: rgb(0, 0, 0); text-decoration: none;\">laptop HP</a>. Là chiếc&nbsp;<a href=\"https://laptop88.vn/laptop-mong-nhe-cao-cap.html\" target=\"_blank\" style=\"margin: 0px; font-family: Roboto, sans-serif; color: rgb(0, 0, 0); text-decoration: none;\">laptop mỏng nhẹ</a>&nbsp;được trang bị chip i7 đời 13 mới nhất nhà Intel giúp bạn xử lý mọi tác vụ văn phòng trong nháy mắt kèm card đồ họa Iris Xe thiết kế đồ họa cơ bản thích hợp với người muốn dùng đa nhiệm. Mẫu&nbsp;<a href=\"https://laptop88.vn/may-tinh-xach-tay.html\" target=\"_blank\" style=\"margin: 0px; font-family: Roboto, sans-serif; color: rgb(0, 0, 0); text-decoration: none;\">laptop</a>/<a href=\"https://laptop88.vn/may-tinh-xach-tay.html\" target=\"_blank\" style=\"margin: 0px; font-family: Roboto, sans-serif; color: rgb(0, 0, 0); text-decoration: none;\">máy tính xách tay</a>&nbsp;sở hữu build máy có độ hoàn thiện cực tốt, vỏ kim loại siêu bền đẹp. Cùng Laptop88 tìm hiểu về chiếc laptop&nbsp;<a href=\"https://laptop88.vn/laptop-hp-envy.html\" target=\"_blank\" style=\"margin: 0px; font-family: Roboto, sans-serif; color: rgb(0, 0, 0); text-decoration: none;\">HP Envy</a>&nbsp;này nhé:</span></p><p style=\"margin-bottom: 0px; font-family: Roboto, sans-serif; line-height: 20px; padding-bottom: 10px; color: rgb(34, 34, 34); text-align: justify;\">&nbsp;</p><p style=\"margin-bottom: 0px; font-family: Roboto, sans-serif; line-height: 20px; padding-bottom: 10px; color: rgb(34, 34, 34); text-align: justify;\"><span style=\"margin: 0px; font-size: 14pt; color: rgb(255, 0, 0);\">- Cấu hình mạnh mẽ nhờ chip i7 đời 13 mới nhất của nhà Intel ngoài xử lý tốt các tác vụ văn phòng thì HP Envy x360 14 còn xử lý được các tác vụ phức tạp hơn như đồ họa 2d, edit video hay thậm chí là chơi các tựa game HOT như LOL, CS:GO, FO4…,</span></p><p style=\"margin-bottom: 0px; font-family: Roboto, sans-serif; line-height: 20px; padding-bottom: 10px; color: rgb(34, 34, 34); text-align: justify;\">&nbsp;</p><p style=\"margin-bottom: 0px; font-family: Roboto, sans-serif; line-height: 20px; padding-bottom: 10px; color: rgb(34, 34, 34); text-align: justify;\"><span style=\"margin: 0px; font-size: 14pt; color: rgb(255, 0, 0);\">- RAM 16GB làm đa nhiệm cực mượt, ổ cứng SSD 1TB cho bạn thoải mái lưu trữ dữ liệu</span></p><p style=\"margin-bottom: 0px; font-family: Roboto, sans-serif; line-height: 20px; padding-bottom: 10px; color: rgb(34, 34, 34); text-align: justify;\">&nbsp;</p><p style=\"margin-bottom: 0px; font-family: Roboto, sans-serif; line-height: 20px; padding-bottom: 10px; color: rgb(34, 34, 34); text-align: justify;\"><span style=\"margin: 0px; font-size: 14pt; color: rgb(255, 0, 0);\">- Build máy vô cùng chắc chắn, cứng cáp với vỏ máy được thiết kế bằng kim loại màu bạc tạo nên sự sang trọng, cao cấp. Bản lề xoay gập 360 độ cực tiện.</span></p><p style=\"margin-bottom: 0px; font-family: Roboto, sans-serif; line-height: 20px; padding-bottom: 10px; color: rgb(34, 34, 34); text-align: justify;\">&nbsp;</p><p style=\"margin-bottom: 0px; font-family: Roboto, sans-serif; line-height: 20px; padding-bottom: 10px; color: rgb(34, 34, 34); text-align: justify;\"><span style=\"margin: 0px; font-size: 14pt; color: rgb(255, 0, 0);\">- Màn hình 14 inch FHD cùng tấm nền IPS nên chất lượng hiển thị hình ảnh vô cùng sắc nét, màu sắc sinh động. Màn hình cảm ứng chạm lướt siêu mượt.</span></p>', 3, '2024-06-20 00:03:42', '2024-06-20 00:03:42'),
(36, 'Laptop Lenovo Slim 7 16IAH7 82VB0000US | i7 12700H | Intel ARC A370M | 32GB | 1TB | 16 inch WQXGA', 'laptop-lenovo-slim-7-16iah7-82vb0000us-i7-12700h-intel-arc-a370m-32gb-1tb-16-inch-wqxga', 20990000, 'maytinh6.jpg', '<h1 style=\"margin-top: 0px; margin-bottom: 0.5rem; font-family: Roboto, sans-serif; color: rgb(34, 34, 34); font-size: 20px; text-align: center; line-height: 1.2 !important;\"><span style=\"margin: 0px; font-weight: bolder;\"><span style=\"margin: 0px; font-size: 24pt;\">Lenovo Slim 7: Pin trâu, Màn 2.5K, 100% sRGB mãn nhãn</span></span><br style=\"margin: 0px;\"><span style=\"margin: 0px; font-weight: bolder;\"><span style=\"margin: 0px; font-size: 24pt;\">Cấu hình khủng i7 gen 12, card rời Arc, 32GB RAM, SSD 1TB cực đỉnh</span></span></h1><p style=\"margin-bottom: 0px; font-family: Roboto, sans-serif; line-height: 20px; padding-bottom: 10px; color: rgb(34, 34, 34); text-align: justify;\"><span style=\"margin: 0px; font-size: 14pt;\">&nbsp;</span></p><p style=\"margin-bottom: 0px; font-family: Roboto, sans-serif; line-height: 20px; padding-bottom: 10px; color: rgb(34, 34, 34); text-align: justify;\"><span style=\"margin: 0px; font-size: 14pt; color: rgb(0, 0, 0);\"><span style=\"margin: 0px; font-weight: bolder;\"><a href=\"https://laptop88.vn/new-outlet-laptop-lenovo-slim-7-16iah7-82vb0000us-i7-12700h-intel-arc-a370m-32gb-1tb-16-inch-wqxga.html\" style=\"margin: 0px; font-family: Roboto, sans-serif; color: rgb(0, 0, 0); text-decoration: none;\">Lenovo Slim 7</a></span>&nbsp;là mẫu&nbsp;<a href=\"https://laptop88.vn/laptop-sinh-vien-van-phong.html\" target=\"_blank\" style=\"margin: 0px; font-family: Roboto, sans-serif; color: rgb(0, 0, 0); text-decoration: none;\">laptop&nbsp;văn phòng</a>&nbsp;thuộc phân khúc cận cao cấp đến từ thương hiệu&nbsp;<a href=\"https://laptop88.vn/lenovo.html\" target=\"_blank\" style=\"margin: 0px; font-family: Roboto, sans-serif; color: rgb(0, 0, 0); text-decoration: none;\">laptop Lenovo</a>&nbsp;lừng danh trên thế giới. Mẫu&nbsp;<a href=\"https://laptop88.vn/may-tinh-xach-tay.html\" target=\"_blank\" style=\"margin: 0px; font-family: Roboto, sans-serif; color: rgb(0, 0, 0); text-decoration: none;\">laptop</a>/&nbsp;<a href=\"https://laptop88.vn/may-tinh-xach-tay.html\" target=\"_blank\" style=\"margin: 0px; font-family: Roboto, sans-serif; color: rgb(0, 0, 0); text-decoration: none;\">máy tính xách tay</a>&nbsp;này sở hữu thiết kế đặc trưng siêu bền bỉ và ngoại hình mỏng nhẹ sang trọng của thương hiệu, cùng cấu hình mạnh mẽ chắc chắn sẽ giúp bạn giải quyết gọn gàng những công việc phức tạp và giải trí hàng ngày. Chiếc&nbsp;<a href=\"https://laptop88.vn/laptop-lenovo-core-i7.html\" target=\"_blank\" style=\"margin: 0px; font-family: Roboto, sans-serif; color: rgb(0, 0, 0); text-decoration: none;\">laptop Lenovo Core i7</a>&nbsp;hướng tới đối tượng khách hàng là người dùng phổ thông hoặc các doanh nghiệp. Cùng tìm hiểu sản phẩm&nbsp;<a href=\"https://laptop88.vn/laptop-lenovo-ideapad.html\" target=\"_blank\" style=\"margin: 0px; font-family: Roboto, sans-serif; color: rgb(0, 0, 0); text-decoration: none;\">Lenovo Ideapad</a>&nbsp;này chi tiết ở nội dung dưới đây!</span></p><p style=\"margin-bottom: 0px; font-family: Roboto, sans-serif; line-height: 20px; padding-bottom: 10px; color: rgb(34, 34, 34); text-align: justify;\"><span style=\"margin: 0px; font-size: 14pt;\">&nbsp;</span></p><p style=\"margin-bottom: 0px; font-family: Roboto, sans-serif; line-height: 20px; padding-bottom: 10px; color: rgb(34, 34, 34); text-align: justify;\"><em style=\"margin: 0px;\"><span style=\"margin: 0px; font-size: 14pt; color: rgb(255, 0, 0);\">- Thiết kế tối giản phù hợp với mọi không gian sử dụng. Máy cũng sở hữu độ bền bỉ cực đỉnh giúp bạn dùng nhiều năm cũng không lo “tã” máy</span></em></p><p style=\"margin-bottom: 0px; font-family: Roboto, sans-serif; line-height: 20px; padding-bottom: 10px; color: rgb(34, 34, 34); text-align: justify;\"><em style=\"margin: 0px;\"><span style=\"margin: 0px; font-size: 14pt; color: rgb(255, 0, 0);\">- Trang bị cấu hình cực khỏe với chip Intel Core i7 gen 12 tích hợp card đồ họa Intel ARC (card đồ họa tích hợp khỏe nhất của Intel từ trước tới nay - Có sức mạnh ngang với GTX 1650), đáp ứng mọi nhu cầu làm việc văn phòng, đồ họa 2D trên Ps, Ai và giải trí nhanh mượt</span></em></p><p style=\"margin-bottom: 0px; font-family: Roboto, sans-serif; line-height: 20px; padding-bottom: 10px; color: rgb(34, 34, 34); text-align: justify;\"><em style=\"margin: 0px;\"><span style=\"margin: 0px; font-size: 14pt; color: rgb(255, 0, 0);\">- Dung lượng bộ nhớ cực khủng với RAM 32GB LPDDR5 và SSD 1TB cực khủng cho bạn thoải mái mở nhiều tab hay ứng dụng cùng lúc mà không bị giật lag, lưu trữ được nhiều dữ liệu</span></em></p><p style=\"margin-bottom: 0px; font-family: Roboto, sans-serif; line-height: 20px; padding-bottom: 10px; color: rgb(34, 34, 34); text-align: justify;\"><em style=\"margin: 0px;\"><span style=\"margin: 0px; font-size: 14pt; color: rgb(255, 0, 0);\">- Màn hình sắc nét, sống động và độ phân giải 2K cùng độ sáng 500 nits tuyệt vời cho mọi nhu cầu làm việc, giải trí, đặc biệt là chỉnh sửa và thiết kế hình ảnh.</span></em></p><p style=\"margin-bottom: 0px; font-family: Roboto, sans-serif; line-height: 20px; padding-bottom: 10px; color: rgb(34, 34, 34); text-align: justify;\"><em style=\"margin: 0px;\"><span style=\"margin: 0px; font-size: 14pt; color: rgb(255, 0, 0);\">- Pin 75WHr cho thời lượng sử dụng dài lâu, sẵn sàng cùng bạn làm việc thật hiệu quả trong suốt thời gian dài chỉ sau một lần cắm sạc</span></em></p>', 3, '2024-06-20 00:05:10', '2024-06-20 00:05:10'),
(37, 'Laptop Dell Inspiron 16 5620 R2608S DCXM888 - Intel Core i5-1240p | 16GB RAM | 16 inch Full HD+', 'laptop-dell-inspiron-16-5620-r2608s-dcxm888-intel-core-i5-1240p-16gb-ram-16-inch-full-hd', 15290000, 'maytinh7.jpg', '<h1 style=\"margin-top: 0pt; margin-bottom: 0pt; font-family: Roboto, sans-serif; line-height: 1.62; color: rgb(34, 34, 34); font-size: 20px; text-align: center;\"><span style=\"margin: 0px; font-weight: bolder;\"><span style=\"margin: 0px; font-family: Arial, sans-serif; font-size: 24pt; color: rgb(0, 0, 0); background-color: transparent; font-variant-numeric: normal; font-variant-east-asian: normal; vertical-align: baseline; white-space: pre-wrap;\">Dell Inspiron 5620 - Mỏng nhẹ CỰC SANG - Màn 16 inch sống động sắc nét </span></span></h1><h1 style=\"margin-top: 0pt; margin-bottom: 0pt; font-family: Roboto, sans-serif; line-height: 1.62; color: rgb(34, 34, 34); font-size: 20px; text-align: center;\"><span style=\"margin: 0px; font-weight: bolder;\"><span style=\"margin: 0px; font-family: Arial, sans-serif; font-size: 24pt; color: rgb(0, 0, 0); background-color: transparent; font-variant-numeric: normal; font-variant-east-asian: normal; vertical-align: baseline; white-space: pre-wrap;\">Chip khỏe, RAM 16GB đa nhiệm tốt</span></span></h1><p style=\"margin-top: 0pt; margin-bottom: 0pt; font-family: Roboto, sans-serif; line-height: 1.62; padding-bottom: 10px; color: rgb(34, 34, 34); text-align: justify;\"><span style=\"margin: 0px; font-family: Arial, sans-serif; font-size: 14pt; color: rgb(0, 0, 0); background-color: transparent; font-variant-numeric: normal; font-variant-east-asian: normal; vertical-align: baseline; white-space: pre-wrap;\">&nbsp;</span></p><p style=\"margin-top: 0pt; margin-bottom: 0pt; font-family: Roboto, sans-serif; line-height: 1.62; padding-bottom: 10px; color: rgb(34, 34, 34); text-align: justify;\"><span style=\"margin: 0px; color: rgb(0, 0, 0);\"><a href=\"https://laptop88.vn/new-100-laptop-dell-inspiron-16-5620-r2608s-dcxm888-intel-core-i5-1240p-16gb-ram-16-inch-full-hd.html\" style=\"margin: 0px; font-family: Roboto, sans-serif; color: rgb(0, 0, 0); text-decoration: none;\"><span style=\"margin: 0px; font-weight: bolder;\"><span style=\"margin: 0px; font-family: Arial, sans-serif; font-size: 14pt; background-color: transparent; font-variant-numeric: normal; font-variant-east-asian: normal; vertical-align: baseline; white-space: pre-wrap;\">Dell Inspiron 5620</span></span></a><span style=\"margin: 0px; font-family: Arial, sans-serif; font-size: 14pt; background-color: transparent; font-variant-numeric: normal; font-variant-east-asian: normal; vertical-align: baseline; white-space: pre-wrap;\"> là chiếc</span><a href=\"https://laptop88.vn/may-tinh-xach-tay.html\" target=\"_blank\" style=\"margin: 0px; font-family: Roboto, sans-serif; color: rgb(0, 0, 0); text-decoration: none;\"><span style=\"margin: 0px; font-family: Arial, sans-serif; font-size: 14pt; background-color: transparent; font-variant-numeric: normal; font-variant-east-asian: normal; vertical-align: baseline; white-space: pre-wrap;\"> laptop</span></a><span style=\"margin: 0px; font-family: Arial, sans-serif; font-size: 14pt; background-color: transparent; font-variant-numeric: normal; font-variant-east-asian: normal; vertical-align: baseline; white-space: pre-wrap;\"> - </span><a href=\"https://laptop88.vn/may-tinh-xach-tay.html\" target=\"_blank\" style=\"margin: 0px; font-family: Roboto, sans-serif; color: rgb(0, 0, 0); text-decoration: none;\"><span style=\"margin: 0px; font-family: Arial, sans-serif; font-size: 14pt; background-color: transparent; font-variant-numeric: normal; font-variant-east-asian: normal; vertical-align: baseline; white-space: pre-wrap;\">máy tính xách tay</span></a><span style=\"margin: 0px; font-family: Arial, sans-serif; font-size: 14pt; background-color: transparent; font-variant-numeric: normal; font-variant-east-asian: normal; vertical-align: baseline; white-space: pre-wrap;\"> không chỉ sở hữu ngoại hình mỏng nhẹ mà chiếc</span><a href=\"https://laptop88.vn/laptop-dell.html\" target=\"_blank\" style=\"margin: 0px; font-family: Roboto, sans-serif; color: rgb(0, 0, 0); text-decoration: none;\"><span style=\"margin: 0px; font-family: Arial, sans-serif; font-size: 14pt; background-color: transparent; font-variant-numeric: normal; font-variant-east-asian: normal; vertical-align: baseline; white-space: pre-wrap;\"> laptop Dell</span></a><span style=\"margin: 0px; font-family: Arial, sans-serif; font-size: 14pt; background-color: transparent; font-variant-numeric: normal; font-variant-east-asian: normal; vertical-align: baseline; white-space: pre-wrap;\"> này còn sở hữu hiệu năng vô cùng vượt trội so với những chiếc</span><a href=\"https://laptop88.vn/laptop-sinh-vien-van-phong.html\" target=\"_blank\" style=\"margin: 0px; font-family: Roboto, sans-serif; color: rgb(0, 0, 0); text-decoration: none;\"><span style=\"margin: 0px; font-family: Arial, sans-serif; font-size: 14pt; background-color: transparent; font-variant-numeric: normal; font-variant-east-asian: normal; vertical-align: baseline; white-space: pre-wrap;\"> laptop văn phòng</span></a><span style=\"margin: 0px; font-family: Arial, sans-serif; font-size: 14pt; background-color: transparent; font-variant-numeric: normal; font-variant-east-asian: normal; vertical-align: baseline; white-space: pre-wrap;\"> thông thường. Cùng tìm hiểu cụ thể về chiếc</span><a href=\"https://laptop88.vn/laptop-dell-inspiron.html\" target=\"_blank\" style=\"margin: 0px; font-family: Roboto, sans-serif; color: rgb(0, 0, 0); text-decoration: none;\"><span style=\"margin: 0px; font-family: Arial, sans-serif; font-size: 14pt; background-color: transparent; font-variant-numeric: normal; font-variant-east-asian: normal; vertical-align: baseline; white-space: pre-wrap;\"> Dell Inspiron</span></a><span style=\"margin: 0px; font-family: Arial, sans-serif; font-size: 14pt; background-color: transparent; font-variant-numeric: normal; font-variant-east-asian: normal; vertical-align: baseline; white-space: pre-wrap;\"> -</span><a href=\"https://laptop88.vn/laptop-dell-core-i5.html\" target=\"_blank\" style=\"margin: 0px; font-family: Roboto, sans-serif; color: rgb(0, 0, 0); text-decoration: none;\"><span style=\"margin: 0px; font-family: Arial, sans-serif; font-size: 14pt; background-color: transparent; font-variant-numeric: normal; font-variant-east-asian: normal; vertical-align: baseline; white-space: pre-wrap;\"> laptop Dell Core i5</span></a><span style=\"margin: 0px; font-family: Arial, sans-serif; font-size: 14pt; background-color: transparent; font-variant-numeric: normal; font-variant-east-asian: normal; vertical-align: baseline; white-space: pre-wrap;\"> này thông qua nội dung bài viết dưới đây nhé!</span></span></p><p style=\"margin-top: 0pt; margin-bottom: 0pt; font-family: Roboto, sans-serif; line-height: 1.62; padding-bottom: 10px; color: rgb(34, 34, 34); text-align: justify;\"><em style=\"margin: 0px;\"><span style=\"margin: 0px; font-family: Arial, sans-serif; font-size: 14pt; color: rgb(255, 0, 0); background-color: transparent; font-variant-numeric: normal; font-variant-east-asian: normal; vertical-align: baseline; white-space: pre-wrap;\">- Thiết kế hiện đại, thanh lịch cùng trọng lượng gọn nhẹ, sự bền bỉ cao giúp bạn có thể dễ dàng đem máy theo bên người mà không cần lo cồng kềnh, nặng nhọc hay hư tổn máy</span><span style=\"margin: 0px; font-family: Arial, sans-serif; font-size: 14pt; color: rgb(255, 0, 0); background-color: transparent; font-variant-numeric: normal; font-variant-east-asian: normal; vertical-align: baseline; white-space: pre-wrap;\"><br style=\"margin: 0px; font-family: Roboto, sans-serif;\"></span><span style=\"margin: 0px; font-family: Arial, sans-serif; font-size: 14pt; color: rgb(255, 0, 0); background-color: transparent; font-variant-numeric: normal; font-variant-east-asian: normal; vertical-align: baseline; white-space: pre-wrap;\">- Chiếc laptop văn phòng cực mạnh mẽ với chip i5 gen 12 đời mới đem đến hiệu năng vượt trội, giúp bạn làm tốt mọi tác vụ văn phòng, chơi game, đồ họa 2D cơ bản mượt mà</span><span style=\"margin: 0px; font-family: Arial, sans-serif; font-size: 14pt; color: rgb(255, 0, 0); background-color: transparent; font-variant-numeric: normal; font-variant-east-asian: normal; vertical-align: baseline; white-space: pre-wrap;\"><br style=\"margin: 0px; font-family: Roboto, sans-serif;\"></span><span style=\"margin: 0px; font-family: Arial, sans-serif; font-size: 14pt; color: rgb(255, 0, 0); background-color: transparent; font-variant-numeric: normal; font-variant-east-asian: normal; vertical-align: baseline; white-space: pre-wrap;\">- Trải nghiệm hình ảnh cực sắc nét, cực đã mắt với khung màn rộng lên đến 16 inch cùng độ phân giải Full HD+</span><span style=\"margin: 0px; font-weight: bolder;\"><span style=\"margin: 0px; font-weight: bolder;\">&nbsp;</span></span></em></p>', 3, '2024-06-20 00:06:22', '2024-06-20 00:06:22'),
(38, 'Laptop Dell Inspiron 14 5430-PR2P1 | Intel Core i7-1360P | 16GB | SSD 1TB | 14 Inch 2K+', 'laptop-dell-inspiron-14-5430-pr2p1-intel-core-i7-1360p-16gb-ssd-1tb-14-inch-2k', 17390000, 'maytinh8.jpg', '<h1 style=\"margin-top: 0pt; margin-bottom: 0pt; font-family: Roboto, sans-serif; line-height: 1.656; color: rgb(34, 34, 34); font-size: 20px; text-align: center;\"><span style=\"margin: 0px; font-weight: bolder;\"><span style=\"margin: 0px; font-family: Arial, sans-serif; font-size: 24pt; color: rgb(0, 0, 0); background-color: transparent; font-variant-numeric: normal; font-variant-east-asian: normal; vertical-align: baseline; white-space: pre-wrap;\">Dell Inspiron 5430 i7 2023</span></span></h1><h1 style=\"margin-top: 0pt; margin-bottom: 0pt; font-family: Roboto, sans-serif; line-height: 1.656; color: rgb(34, 34, 34); font-size: 20px; text-align: center;\"><span style=\"margin: 0px; font-weight: bolder;\"><span style=\"margin: 0px; font-family: Arial, sans-serif; font-size: 24pt; color: rgb(0, 0, 0); background-color: transparent; font-variant-numeric: normal; font-variant-east-asian: normal; vertical-align: baseline; white-space: pre-wrap;\">Chip Gen 13 mạnh mẽ làm việc siêu mượt&nbsp;</span></span></h1><h1 style=\"margin-top: 0pt; margin-bottom: 0pt; font-family: Roboto, sans-serif; line-height: 1.656; color: rgb(34, 34, 34); font-size: 20px; text-align: center;\"><span style=\"margin: 0px; font-weight: bolder;\"><span style=\"margin: 0px; font-family: Arial, sans-serif; font-size: 24pt; color: rgb(0, 0, 0); background-color: transparent; font-variant-numeric: normal; font-variant-east-asian: normal; vertical-align: baseline; white-space: pre-wrap;\">Màn 2K sắc nét - Photoshop chuẩn</span></span><span style=\"margin: 0px; font-family: Arial, sans-serif; font-size: 14pt; color: rgb(0, 0, 0); background-color: transparent; font-variant-numeric: normal; font-variant-east-asian: normal; vertical-align: baseline; white-space: pre-wrap;\">&nbsp;</span></h1><p style=\"margin-top: 0pt; margin-bottom: 0pt; font-family: Roboto, sans-serif; line-height: 1.656; padding-bottom: 10px; color: rgb(34, 34, 34); text-align: justify;\"><span style=\"margin: 0px; font-family: Arial, sans-serif; font-size: 14pt; color: rgb(0, 0, 0); background-color: transparent; font-variant-numeric: normal; font-variant-east-asian: normal; vertical-align: baseline; white-space: pre-wrap;\">&nbsp;</span></p><p style=\"margin-top: 0pt; margin-bottom: 0pt; font-family: Roboto, sans-serif; line-height: 1.656; padding-bottom: 10px; color: rgb(34, 34, 34); text-align: justify;\"><span style=\"margin: 0px; font-family: Arial, sans-serif; font-size: 14pt; color: rgb(0, 0, 0); background-color: transparent; font-variant-numeric: normal; font-variant-east-asian: normal; vertical-align: baseline; white-space: pre-wrap;\">Đến từ dòng </span><a href=\"https://laptop88.vn/laptop-dell-inspiron.html\" target=\"_blank\" style=\"margin: 0px; font-family: Roboto, sans-serif; color: rgb(0, 0, 0); text-decoration: none;\"><span style=\"margin: 0px; font-family: Arial, sans-serif; font-size: 14pt; background-color: transparent; font-variant-numeric: normal; font-variant-east-asian: normal; vertical-align: baseline; white-space: pre-wrap;\">Dell Inspiron</span></a><span style=\"margin: 0px; font-family: Arial, sans-serif; font-size: 14pt; color: rgb(0, 0, 0); background-color: transparent; font-variant-numeric: normal; font-variant-east-asian: normal; vertical-align: baseline; white-space: pre-wrap;\"> nổi tiếng của hãng </span><a href=\"https://laptop88.vn/laptop-dell.html\" target=\"_blank\" style=\"margin: 0px; font-family: Roboto, sans-serif; color: rgb(0, 0, 0); text-decoration: none;\"><span style=\"margin: 0px; font-family: Arial, sans-serif; font-size: 14pt; background-color: transparent; font-variant-numeric: normal; font-variant-east-asian: normal; vertical-align: baseline; white-space: pre-wrap;\">laptop Dell</span></a><span style=\"margin: 0px; font-family: Arial, sans-serif; font-size: 14pt; color: rgb(0, 0, 0); background-color: transparent; font-variant-numeric: normal; font-variant-east-asian: normal; vertical-align: baseline; white-space: pre-wrap;\">, chiếc </span><a href=\"https://laptop88.vn/may-tinh-xach-tay.html\" target=\"_blank\" style=\"margin: 0px; font-family: Roboto, sans-serif; color: rgb(0, 0, 0); text-decoration: none;\"><span style=\"margin: 0px; font-family: Arial, sans-serif; font-size: 14pt; background-color: transparent; font-variant-numeric: normal; font-variant-east-asian: normal; vertical-align: baseline; white-space: pre-wrap;\">laptop</span></a><span style=\"margin: 0px; font-family: Arial, sans-serif; font-size: 14pt; color: rgb(0, 0, 0); background-color: transparent; font-variant-numeric: normal; font-variant-east-asian: normal; vertical-align: baseline; white-space: pre-wrap;\"> - </span><a href=\"https://laptop88.vn/may-tinh-xach-tay.html\" target=\"_blank\" style=\"margin: 0px; font-family: Roboto, sans-serif; color: rgb(0, 0, 0); text-decoration: none;\"><span style=\"margin: 0px; font-family: Arial, sans-serif; font-size: 14pt; background-color: transparent; font-variant-numeric: normal; font-variant-east-asian: normal; vertical-align: baseline; white-space: pre-wrap;\">máy tính xách tay</span></a>&nbsp;<span style=\"margin: 0px; font-weight: bolder;\"><span style=\"margin: 0px; font-family: Arial, sans-serif; font-size: 14pt; color: rgb(0, 0, 0); background-color: transparent; font-variant-numeric: normal; font-variant-east-asian: normal; vertical-align: baseline; white-space: pre-wrap;\">Dell Inspiron 5430 i7</span></span><span style=\"margin: 0px; font-family: Arial, sans-serif; font-size: 14pt; color: rgb(0, 0, 0); background-color: transparent; font-variant-numeric: normal; font-variant-east-asian: normal; vertical-align: baseline; white-space: pre-wrap;\"> không chỉ sở hữu ngoại hình mỏng nhẹ, thanh lịch tối ưu cho di chuyển mà còn có hiệu năng vô cùng ấn tượng. Với chip Intel Core i7 gen 13 mạnh mẽ, màn hình sắc nét,... cùng hàng loạt những ưu điểm nổi bật khác, chắc chắn thì chiếc </span><a href=\"https://laptop88.vn/laptop-sinh-vien-van-phong.html\" target=\"_blank\" style=\"margin: 0px; font-family: Roboto, sans-serif; color: rgb(0, 0, 0); text-decoration: none;\"><span style=\"margin: 0px; font-family: Arial, sans-serif; font-size: 14pt; background-color: transparent; font-variant-numeric: normal; font-variant-east-asian: normal; vertical-align: baseline; white-space: pre-wrap;\">laptop văn phòng</span></a><span style=\"margin: 0px; font-family: Arial, sans-serif; font-size: 14pt; color: rgb(0, 0, 0); background-color: transparent; font-variant-numeric: normal; font-variant-east-asian: normal; vertical-align: baseline; white-space: pre-wrap;\"> - </span><a href=\"https://laptop88.vn/laptop-dell-core-i7.html\" target=\"_blank\" style=\"margin: 0px; font-family: Roboto, sans-serif; color: rgb(0, 0, 0); text-decoration: none;\"><span style=\"margin: 0px; font-family: Arial, sans-serif; font-size: 14pt; background-color: transparent; font-variant-numeric: normal; font-variant-east-asian: normal; vertical-align: baseline; white-space: pre-wrap;\">laptop Dell core i7</span></a><span style=\"margin: 0px; font-family: Arial, sans-serif; font-size: 14pt; color: rgb(0, 0, 0); background-color: transparent; font-variant-numeric: normal; font-variant-east-asian: normal; vertical-align: baseline; white-space: pre-wrap;\"> này sẽ là một sản phẩm được nhiều người yêu thích trong thời gian tới!</span></p><p style=\"margin-top: 0pt; margin-bottom: 0pt; font-family: Roboto, sans-serif; line-height: 1.656; padding-bottom: 10px; color: rgb(34, 34, 34); text-align: justify;\">&nbsp;</p><p style=\"margin-top: 0pt; margin-bottom: 0pt; font-family: Roboto, sans-serif; line-height: 1.656; padding-bottom: 10px; color: rgb(34, 34, 34); text-align: justify;\"><span style=\"margin: 0px; color: rgb(255, 0, 0);\"><em style=\"margin: 0px;\"><span style=\"margin: 0px; font-family: Arial, sans-serif; font-size: 14pt; background-color: transparent; font-variant-numeric: normal; font-variant-east-asian: normal; vertical-align: baseline; white-space: pre-wrap;\">- Cấu hình khỏe với chip core i7 thế hệ 13 mạnh mẽ đáp ứng mọi nhu cầu làm việc văn phòng, thiết kế đồ họa và chơi game mượt. Bộ nhớ cực khủng với RAM 16GB, SSD 1TB cho tốc độ truy xuất dữ liệu và khởi chạy phần mềm cực nhanh chóng.</span></em></span></p><p style=\"margin-top: 0pt; margin-bottom: 0pt; font-family: Roboto, sans-serif; line-height: 1.656; padding-bottom: 10px; color: rgb(34, 34, 34); text-align: justify;\"><span style=\"margin: 0px; color: rgb(255, 0, 0);\"><em style=\"margin: 0px;\"><span style=\"margin: 0px; font-family: Arial, sans-serif; font-size: 14pt; background-color: transparent; font-variant-numeric: normal; font-variant-east-asian: normal; vertical-align: baseline; white-space: pre-wrap;\">- Thiết kế tinh tế, sang trọng cùng độ bền bỉ cao giúp bạn có thể tiện lợi mang theo bên người mà không cần lo va chạm, hư tổn máy</span></em></span></p><p style=\"margin-top: 0pt; margin-bottom: 0pt; font-family: Roboto, sans-serif; line-height: 1.656; padding-bottom: 10px; color: rgb(34, 34, 34); text-align: justify;\"><span style=\"margin: 0px; color: rgb(255, 0, 0);\"><em style=\"margin: 0px;\"><span style=\"margin: 0px; font-family: Arial, sans-serif; font-size: 14pt; background-color: transparent; font-variant-numeric: normal; font-variant-east-asian: normal; vertical-align: baseline; white-space: pre-wrap;\">- Sở hữu màn 14 inch, độ phân giải 2K+ (2560x1600) mang lại trải nghiệm hình ảnh cực sắc nét, sống động</span></em></span></p>', 3, '2024-06-20 00:07:25', '2024-06-20 00:07:25');
INSERT INTO `products` (`prod_id`, `prod_name`, `prod_slug`, `price`, `img`, `description`, `prod_cate`, `created_at`, `updated_at`) VALUES
(39, 'Laptop Dell Inspiron 14 7430 2 in 1 5R4Y5 - Intel Core i7-1355U | 16GB RAM | SSD 1TB | 14 inch Full HD+ Touch', 'laptop-dell-inspiron-14-7430-2-in-1-5r4y5-intel-core-i7-1355u-16gb-ram-ssd-1tb-14-inch-full-hd-touch', 19990000, 'maytinh9.jpg', '<h1 style=\"margin-top: 20pt; margin-bottom: 6pt; font-family: Roboto, sans-serif; line-height: 1.38; color: rgb(34, 34, 34); font-size: 20px; text-align: center;\"><span style=\"margin: 0px; font-weight: bolder;\"><span style=\"margin: 0px; font-family: Arial, sans-serif; font-size: 24pt; color: rgb(0, 0, 0); background-color: transparent; font-variant-numeric: normal; font-variant-east-asian: normal; vertical-align: baseline; white-space: pre-wrap;\">Dell Inspiron 7430 i7 </span></span><span style=\"margin: 0px; font-weight: bolder;\"><span style=\"margin: 0px; font-family: Arial, sans-serif; font-size: 24pt; color: rgb(0, 0, 0); background-color: transparent; font-variant-numeric: normal; font-variant-east-asian: normal; vertical-align: baseline; white-space: pre-wrap;\">- </span></span><span style=\"margin: 0px; font-weight: bolder;\"><span style=\"margin: 0px; font-family: Arial, sans-serif; font-size: 24pt; color: rgb(0, 0, 0); background-color: transparent; font-variant-numeric: normal; font-variant-east-asian: normal; vertical-align: baseline; white-space: pre-wrap;\">Mỏng nhẹ CỰC SANG, siêu BỀN BỈ - Hiệu năng KHỎE với chip i7 Gen 13 - RAM ổ cực KHỦNG&nbsp;</span></span></h1><p style=\"margin-bottom: 0px; font-family: Roboto, sans-serif; line-height: 20px; padding-bottom: 10px; color: rgb(34, 34, 34);\"><span style=\"margin: 0px; font-weight: bolder;\"><span style=\"margin: 0px; font-weight: bolder;\">&nbsp;</span></span></p><p style=\"margin-top: 0pt; margin-bottom: 0pt; font-family: Roboto, sans-serif; line-height: 1.38; padding-bottom: 10px; color: rgb(34, 34, 34); text-align: justify;\"><span style=\"margin: 0px; font-family: Arial, sans-serif; font-size: 14pt; font-variant-numeric: normal; font-variant-east-asian: normal; vertical-align: baseline; white-space: pre-wrap;\">Với </span><a href=\"https://laptop88.vn/laptop-dell.html\" target=\"_blank\" style=\"margin: 0px; font-family: Roboto, sans-serif; color: rgb(0, 0, 0); text-decoration: none;\"><span style=\"margin: 0px; font-family: Arial, sans-serif; font-size: 14pt; font-variant-numeric: normal; font-variant-east-asian: normal; vertical-align: baseline; white-space: pre-wrap;\">laptop Dell</span></a><span style=\"margin: 0px; font-family: Arial, sans-serif; font-size: 14pt; font-variant-numeric: normal; font-variant-east-asian: normal; vertical-align: baseline; white-space: pre-wrap;\"> dòng </span><a href=\"https://laptop88.vn/laptop-dell.html\" target=\"_blank\" style=\"margin: 0px; font-family: Roboto, sans-serif; color: rgb(0, 0, 0); text-decoration: none;\"><span style=\"margin: 0px; font-family: Arial, sans-serif; font-size: 14pt; font-variant-numeric: normal; font-variant-east-asian: normal; vertical-align: baseline; white-space: pre-wrap;\">Dell Inspiron</span></a><span style=\"margin: 0px; font-family: Arial, sans-serif; font-size: 14pt; font-variant-numeric: normal; font-variant-east-asian: normal; vertical-align: baseline; white-space: pre-wrap;\"> vốn đã là cái tên quá quen thuộc và được người dùng biết đến là dòng laptop cực bền bỉ, mỏng nhẹ thời trang. Ở phiên bản 2023 năm nay, <span style=\"margin: 0px; font-family: Roboto, sans-serif; color: rgb(0, 0, 0);\"><a href=\"https://laptop88.vn/new-100-laptop-dell-inspiron-14-7430-2-in-1-cn29d-intel-core-i7-1355u-16gb-ram-ssd-1tb-14-inch-full-hd-touch.html\" style=\"margin: 0px; font-family: Roboto, sans-serif; color: rgb(0, 0, 0); text-decoration: none;\"><span style=\"margin: 0px; font-weight: bolder;\"><span style=\"margin: 0px; font-family: Arial, sans-serif; font-size: 14pt; background-color: transparent; font-variant-numeric: normal; font-variant-east-asian: normal; vertical-align: baseline;\">Dell Inspiron 7430 i7</span></span></a></span> được trang bị cho mình con chip đời mới nhất cho hiệu năng cải tiến vượt trội cùng một</span><span style=\"margin: 0px; font-family: Arial, sans-serif; font-size: 14pt; font-variant-numeric: normal; font-variant-east-asian: normal; vertical-align: baseline; white-space: pre-wrap;\"> thiết kế cao cấp, thanh lịch. Chắc chắn chiếc <span style=\"margin: 0px; font-family: Roboto, sans-serif; font-weight: bolder;\"><a href=\"https://laptop88.vn/laptop-dell-core-i7.html\" target=\"_blank\" style=\"margin: 0px; font-family: Roboto, sans-serif; color: rgb(0, 0, 0); text-decoration: none;\"><span style=\"margin: 0px; font-family: Arial, sans-serif; font-size: 14pt; font-weight: 400; font-variant-numeric: normal; font-variant-east-asian: normal; vertical-align: baseline;\">laptop Dell core i7</span></a></span> này là sự lựa chọn tốt nhất cho người dùng khi tìm mua </span><a href=\"https://laptop88.vn/laptop-sinh-vien-van-phong.html\" target=\"_blank\" style=\"margin: 0px; font-family: Roboto, sans-serif; color: rgb(0, 0, 0); text-decoration: none;\"><span style=\"margin: 0px; font-family: Arial, sans-serif; font-size: 14pt; font-variant-numeric: normal; font-variant-east-asian: normal; vertical-align: baseline; white-space: pre-wrap;\">laptop văn phòng</span></a><span style=\"margin: 0px; font-family: Arial, sans-serif; font-size: 14pt; font-variant-numeric: normal; font-variant-east-asian: normal; vertical-align: baseline; white-space: pre-wrap;\">. Cùng tìm hiểu chi tiết chiếc </span><a href=\"https://laptop88.vn/may-tinh-xach-tay.html\" target=\"_blank\" style=\"margin: 0px; font-family: Roboto, sans-serif; color: rgb(0, 0, 0); text-decoration: none;\"><span style=\"margin: 0px; font-family: Arial, sans-serif; font-size: 14pt; font-variant-numeric: normal; font-variant-east-asian: normal; vertical-align: baseline; white-space: pre-wrap;\">laptop</span></a><span style=\"margin: 0px; font-family: Arial, sans-serif; font-size: 14pt; font-variant-numeric: normal; font-variant-east-asian: normal; vertical-align: baseline; white-space: pre-wrap;\">/</span><a href=\"https://laptop88.vn/may-tinh-xach-tay.html\" target=\"_blank\" style=\"margin: 0px; font-family: Roboto, sans-serif; color: rgb(0, 0, 0); text-decoration: none;\"><span style=\"margin: 0px; font-family: Arial, sans-serif; font-size: 14pt; font-variant-numeric: normal; font-variant-east-asian: normal; vertical-align: baseline; white-space: pre-wrap;\">máy tính xách tay</span></a><span style=\"margin: 0px; font-family: Arial, sans-serif; font-size: 14pt; font-variant-numeric: normal; font-variant-east-asian: normal; vertical-align: baseline; white-space: pre-wrap;\"> này ngay trong bài viết dưới đây nhé!</span></p><p style=\"margin-bottom: 0px; font-family: Roboto, sans-serif; line-height: 20px; padding-bottom: 10px; color: rgb(34, 34, 34);\"><span style=\"margin: 0px; font-weight: bolder;\"><span style=\"margin: 0px; font-weight: bolder;\">&nbsp;</span></span></p><p style=\"margin-top: 0pt; margin-bottom: 0pt; font-family: Roboto, sans-serif; line-height: 1.38; padding-bottom: 10px; color: rgb(34, 34, 34); text-align: justify;\"><span style=\"margin: 0px; font-family: Arial, sans-serif; font-size: 14pt; color: rgb(255, 0, 0); font-variant-numeric: normal; font-variant-east-asian: normal; vertical-align: baseline; white-space: pre-wrap;\">- </span><span style=\"margin: 0px; font-family: Arial, sans-serif; font-size: 14pt; color: rgb(255, 0, 0); background-color: transparent; font-variant-numeric: normal; font-variant-east-asian: normal; vertical-align: baseline; white-space: pre-wrap;\">Cấu hình core i7 1355U đáp ứng hoàn hảo mọi công việc văn phòng kết hợp với card Intel Iris Xe Graphics cho khả năng xử lý chuyên nghiệp các tác vụ chỉnh sửa hình ảnh, thiết kế poster, banner,...&nbsp;</span></p><p style=\"margin-bottom: 0px; font-family: Roboto, sans-serif; line-height: 20px; padding-bottom: 10px; color: rgb(34, 34, 34);\"><span style=\"margin: 0px; font-weight: bolder;\"><span style=\"margin: 0px; font-weight: bolder;\">&nbsp;</span></span></p><p style=\"margin-top: 0pt; margin-bottom: 0pt; font-family: Roboto, sans-serif; line-height: 1.38; padding-bottom: 10px; color: rgb(34, 34, 34); text-align: justify;\"><span style=\"margin: 0px; font-family: Arial, sans-serif; font-size: 14pt; color: rgb(255, 0, 0); background-color: transparent; font-variant-numeric: normal; font-variant-east-asian: normal; vertical-align: baseline; white-space: pre-wrap;\">- Bộ nhớ RAM 16GB cùng SSD 1TB giúp thoải mái làm việc đa nhiệm, mở hàng chục tab chrome, lưu trữ các tài liệu về công việc cũng như giải trí. Tốc độ truy xuất dữ liệu cao nên mọi thao tác trên ứng dụng hay thời gian khởi động máy đều đáp ứng nhanh chóng chỉ trong vài giây.</span></p><p style=\"margin-bottom: 0px; font-family: Roboto, sans-serif; line-height: 20px; padding-bottom: 10px; color: rgb(34, 34, 34);\"><span style=\"margin: 0px; font-weight: bolder;\"><span style=\"margin: 0px; font-weight: bolder;\">&nbsp;</span></span></p><p style=\"margin-top: 0pt; margin-bottom: 0pt; font-family: Roboto, sans-serif; line-height: 1.38; padding-bottom: 10px; color: rgb(34, 34, 34); text-align: justify;\"><span style=\"margin: 0px; font-family: Arial, sans-serif; font-size: 14pt; color: rgb(255, 0, 0); font-variant-numeric: normal; font-variant-east-asian: normal; vertical-align: baseline; white-space: pre-wrap;\">- Thiết kế mỏng nhẹ thời thượng với lớp vỏ bạc cùng độ hoàn thiện tỉ mỉ mang đến độ bền bỉ ấn tượng. Trọng lượng chỉ khoảng 1,6kg giúp người dùng dễ dàng mang đi mọi nơi</span></p><p style=\"margin-bottom: 0px; font-family: Roboto, sans-serif; line-height: 20px; padding-bottom: 10px; color: rgb(34, 34, 34);\"><span style=\"margin: 0px; font-weight: bolder;\"><span style=\"margin: 0px; font-weight: bolder;\">&nbsp;</span></span></p><p style=\"margin-top: 0pt; margin-bottom: 0pt; font-family: Roboto, sans-serif; line-height: 1.38; padding-bottom: 10px; color: rgb(34, 34, 34); text-align: justify;\"><span style=\"margin: 0px; font-family: Arial, sans-serif; font-size: 14pt; color: rgb(255, 0, 0); background-color: transparent; font-variant-numeric: normal; font-variant-east-asian: normal; vertical-align: baseline; white-space: pre-wrap;\">- Màn hình 14 inch với độ phân giải Full HD+ (1920 x 1200) cho hình ảnh sắc nét và đã mắt mỗi khi xem phim hay làm việc.</span></p>', 3, '2024-06-20 00:09:01', '2024-06-20 00:09:01'),
(40, 'Laptop Acer Nitro 5 AN515-58-57QW - Intel Core i5-12450H | RAM 16GB | Nvidia RTX 3050Ti | 15.6 Inch Full HD 144Hz', 'laptop-acer-nitro-5-an515-58-57qw-intel-core-i5-12450h-ram-16gb-nvidia-rtx-3050ti-156-inch-full-hd-144hz', 17690000, 'maytinh10.jpg', '<h1 style=\"margin-top: 0pt; margin-bottom: 0pt; font-family: Roboto, sans-serif; line-height: 1.656; color: rgb(34, 34, 34); font-size: 20px; text-align: center;\"><span style=\"margin: 0px; font-weight: bolder;\"><span style=\"margin: 0px; font-family: Arial, sans-serif; font-size: 24pt; color: rgb(0, 0, 0); background-color: transparent; font-variant-numeric: normal; font-variant-east-asian: normal; vertical-align: baseline; white-space: pre-wrap;\">Acer Nitro 5 AN515 58 57QW</span></span></h1><h1 style=\"margin-top: 0pt; margin-bottom: 0pt; font-family: Roboto, sans-serif; line-height: 1.656; color: rgb(34, 34, 34); font-size: 20px; text-align: center;\"><span style=\"margin: 0px; font-weight: bolder;\"><span style=\"margin: 0px; font-family: Arial, sans-serif; font-size: 24pt; color: rgb(0, 0, 0); background-color: transparent; font-variant-numeric: normal; font-variant-east-asian: normal; vertical-align: baseline; white-space: pre-wrap;\">i5 Gen 12 RTX 3050Ti cực khỏe rẻ nhất</span></span></h1><h1 style=\"margin-top: 0pt; margin-bottom: 0pt; font-family: Roboto, sans-serif; line-height: 1.656; color: rgb(34, 34, 34); font-size: 20px; text-align: center;\"><span style=\"margin: 0px; font-weight: bolder;\"><span style=\"margin: 0px; font-family: Arial, sans-serif; font-size: 24pt; color: rgb(0, 0, 0); background-color: transparent; font-variant-numeric: normal; font-variant-east-asian: normal; vertical-align: baseline; white-space: pre-wrap;\">Màn 144Hz cực mượt - Tản mát vô đối</span></span></h1><p style=\"margin-top: 0pt; margin-bottom: 0pt; font-family: Roboto, sans-serif; line-height: 1.656; padding-bottom: 10px; color: rgb(34, 34, 34); text-align: justify;\">&nbsp;</p><p style=\"margin-top: 0pt; margin-bottom: 0pt; font-family: Roboto, sans-serif; line-height: 1.656; padding-bottom: 10px; color: rgb(34, 34, 34); text-align: justify;\"><a href=\"https://laptop88.vn/new-outlet-laptop-acer-nitro-5-an515-58-5046-intel-core-i5-12500h-ram-16gb-nvidia-rtx-3050ti-15.6-inch-full-hd-144hz.html\" style=\"margin: 0px; font-family: Roboto, sans-serif; color: rgb(0, 0, 0); text-decoration: none;\"><span style=\"margin: 0px; font-weight: bolder;\"><span style=\"margin: 0px; font-family: Arial, sans-serif; font-size: 14pt; background-color: transparent; font-variant-numeric: normal; font-variant-east-asian: normal; vertical-align: baseline; white-space: pre-wrap;\">Acer Nitro 5 AN515 58</span></span></a><span style=\"margin: 0px; font-family: Arial, sans-serif; font-size: 14pt; color: rgb(0, 0, 0); background-color: transparent; font-variant-numeric: normal; font-variant-east-asian: normal; vertical-align: baseline; white-space: pre-wrap;\"> là một chiếc </span><a href=\"https://laptop88.vn/may-tinh-xach-tay.html\" target=\"_blank\" style=\"margin: 0px; font-family: Roboto, sans-serif; color: rgb(0, 0, 0); text-decoration: none;\"><span style=\"margin: 0px; font-family: Arial, sans-serif; font-size: 14pt; background-color: transparent; font-variant-numeric: normal; font-variant-east-asian: normal; vertical-align: baseline; white-space: pre-wrap;\">máy tính xách tay</span></a><span style=\"margin: 0px; font-family: Arial, sans-serif; font-size: 14pt; color: rgb(0, 0, 0); background-color: transparent; font-variant-numeric: normal; font-variant-east-asian: normal; vertical-align: baseline; white-space: pre-wrap;\"> -&nbsp; </span><a href=\"https://laptop88.vn/may-tinh-xach-tay.html\" target=\"_blank\" style=\"margin: 0px; font-family: Roboto, sans-serif; color: rgb(0, 0, 0); text-decoration: none;\"><span style=\"margin: 0px; font-family: Arial, sans-serif; font-size: 14pt; background-color: transparent; font-variant-numeric: normal; font-variant-east-asian: normal; vertical-align: baseline; white-space: pre-wrap;\">laptop</span></a><span style=\"margin: 0px; font-family: Arial, sans-serif; font-size: 14pt; color: rgb(0, 0, 0); background-color: transparent; font-variant-numeric: normal; font-variant-east-asian: normal; vertical-align: baseline; white-space: pre-wrap;\"> chơi game đến từ thương hiệu </span><a href=\"https://laptop88.vn/acer.html\" target=\"_blank\" style=\"margin: 0px; font-family: Roboto, sans-serif; color: rgb(0, 0, 0); text-decoration: none;\"><span style=\"margin: 0px; font-family: Arial, sans-serif; font-size: 14pt; background-color: transparent; font-variant-numeric: normal; font-variant-east-asian: normal; vertical-align: baseline; white-space: pre-wrap;\">laptop Acer</span></a><span style=\"margin: 0px; font-family: Arial, sans-serif; font-size: 14pt; color: rgb(0, 0, 0); background-color: transparent; font-variant-numeric: normal; font-variant-east-asian: normal; vertical-align: baseline; white-space: pre-wrap;\"> đình đám. Mẫu </span><a href=\"https://laptop88.vn/laptop-gaming.html\" target=\"_blank\" style=\"margin: 0px; font-family: Roboto, sans-serif; color: rgb(0, 0, 0); text-decoration: none;\"><span style=\"margin: 0px; font-family: Arial, sans-serif; font-size: 14pt; background-color: transparent; font-variant-numeric: normal; font-variant-east-asian: normal; vertical-align: baseline; white-space: pre-wrap;\">laptop gaming</span></a><span style=\"margin: 0px; font-family: Arial, sans-serif; font-size: 14pt; color: rgb(0, 0, 0); background-color: transparent; font-variant-numeric: normal; font-variant-east-asian: normal; vertical-align: baseline; white-space: pre-wrap;\"> này sở hữu con chip thế hệ thứ 12 kết hợp cùng card đồ họa RTX 3050Ti cực khỏe cho khả năng chiến game mượt mà. Hơn nữa, mẫu </span><a href=\"https://laptop88.vn/laptop-gaming-acer.html\" target=\"_blank\" style=\"margin: 0px; font-family: Roboto, sans-serif; color: rgb(0, 0, 0); text-decoration: none;\"><span style=\"margin: 0px; font-family: Arial, sans-serif; font-size: 14pt; background-color: transparent; font-variant-numeric: normal; font-variant-east-asian: normal; vertical-align: baseline; white-space: pre-wrap;\">laptop gaming Acer</span></a><span style=\"margin: 0px; font-family: Arial, sans-serif; font-size: 14pt; color: rgb(0, 0, 0); background-color: transparent; font-variant-numeric: normal; font-variant-east-asian: normal; vertical-align: baseline; white-space: pre-wrap;\"> này cũng được trang bị tần số quét 144Hz không độ trễ khi bạn thao tác. Hơn nữa, hệ thống tản nhiệt giúp </span><a href=\"https://laptop88.vn/laptop-acer-nitro.html\" target=\"_blank\" style=\"margin: 0px; font-family: Roboto, sans-serif; color: rgb(0, 0, 0); text-decoration: none;\"><span style=\"margin: 0px; font-family: Arial, sans-serif; font-size: 14pt; background-color: transparent; font-variant-numeric: normal; font-variant-east-asian: normal; vertical-align: baseline; white-space: pre-wrap;\">Acer Nitro 5</span></a><span style=\"margin: 0px; font-family: Arial, sans-serif; font-size: 14pt; color: rgb(0, 0, 0); background-color: transparent; font-variant-numeric: normal; font-variant-east-asian: normal; vertical-align: baseline; white-space: pre-wrap;\"> hoạt động trơn tru, đảm bảo máy hoạt động ổn định. Cùng Laptop88 tìm hiểu chi tiết hơn về mẫu </span><a href=\"https://laptop88.vn/laptop-acer-core-i5.html\" target=\"_blank\" style=\"margin: 0px; font-family: Roboto, sans-serif; color: rgb(0, 0, 0); text-decoration: none;\"><span style=\"margin: 0px; font-family: Arial, sans-serif; font-size: 14pt; background-color: transparent; font-variant-numeric: normal; font-variant-east-asian: normal; vertical-align: baseline; white-space: pre-wrap;\">laptop Acer Core i5</span></a><span style=\"margin: 0px; font-family: Arial, sans-serif; font-size: 14pt; color: rgb(0, 0, 0); background-color: transparent; font-variant-numeric: normal; font-variant-east-asian: normal; vertical-align: baseline; white-space: pre-wrap;\"> này ở nội dung dưới đây nhé!</span></p><p style=\"margin-top: 0pt; margin-bottom: 0pt; font-family: Roboto, sans-serif; line-height: 1.656; padding-bottom: 10px; color: rgb(34, 34, 34); text-align: justify;\">&nbsp;</p><p style=\"margin-top: 0pt; margin-bottom: 0pt; font-family: Roboto, sans-serif; line-height: 1.656; padding-bottom: 10px; color: rgb(34, 34, 34); text-align: justify;\"><span style=\"margin: 0px; color: rgb(255, 0, 0);\"><em style=\"margin: 0px;\"><span style=\"margin: 0px; font-family: Arial, sans-serif; font-size: 14pt; background-color: transparent; font-variant-numeric: normal; font-variant-east-asian: normal; vertical-align: baseline; white-space: pre-wrap;\">- Được trang bị chip Core i5 12450H kết hợp card đồ họa RTX 3050Ti cho hiệu năng khỏe nhất tầm giá đáp ứng nhu cầu chơi game mượt mà và có khả năng edit video, chỉnh sửa ảnh tốt.</span></em></span></p><p style=\"margin-top: 0pt; margin-bottom: 0pt; font-family: Roboto, sans-serif; line-height: 1.656; padding-bottom: 10px; color: rgb(34, 34, 34); text-align: justify;\"><span style=\"margin: 0px; color: rgb(255, 0, 0);\"><em style=\"margin: 0px;\"><span style=\"margin: 0px; font-family: Arial, sans-serif; font-size: 14pt; background-color: transparent; font-variant-numeric: normal; font-variant-east-asian: normal; vertical-align: baseline; white-space: pre-wrap;\">- Màn hình kích thước lớn 15.6 inch Full HD, tần số quét 144Hz cho giúp bạn phản ứng kịp thời trong các trận game gay cấn.</span></em></span></p><p style=\"margin-top: 0pt; margin-bottom: 0pt; font-family: Roboto, sans-serif; line-height: 1.656; padding-bottom: 10px; color: rgb(34, 34, 34); text-align: justify;\"><span style=\"margin: 0px; color: rgb(255, 0, 0);\"><em style=\"margin: 0px;\"><span style=\"margin: 0px; font-family: Arial, sans-serif; font-size: 14pt; background-color: transparent; font-variant-numeric: normal; font-variant-east-asian: normal; vertical-align: baseline; white-space: pre-wrap;\">- Tản nhiệt 2 quạt giúp máy làm mát nhanh chóng và hoạt động ổn định hơn.</span></em></span></p><p style=\"margin-top: 0pt; margin-bottom: 0pt; font-family: Roboto, sans-serif; line-height: 1.656; padding-bottom: 10px; color: rgb(34, 34, 34); text-align: justify;\"><span style=\"margin: 0px; color: rgb(255, 0, 0);\"><em style=\"margin: 0px;\"><span style=\"margin: 0px; font-family: Arial, sans-serif; font-size: 14pt; background-color: transparent; font-variant-numeric: normal; font-variant-east-asian: normal; vertical-align: baseline; white-space: pre-wrap;\">- Thiết kế đẹp mắt, ấn tượng với họa tiết độc đáo trên mặt lưng, đậm chất gaming.</span></em></span></p>', 3, '2024-06-20 00:10:34', '2024-06-20 00:10:34');

-- --------------------------------------------------------

--
-- Table structure for table `users`
--

CREATE TABLE `users` (
  `id` bigint(20) UNSIGNED NOT NULL,
  `name` varchar(255) NOT NULL,
  `email` varchar(255) NOT NULL,
  `email_verified_at` timestamp NULL DEFAULT NULL,
  `password` varchar(255) NOT NULL,
  `remember_token` varchar(100) DEFAULT NULL,
  `created_at` timestamp NULL DEFAULT NULL,
  `updated_at` timestamp NULL DEFAULT NULL
) ENGINE=InnoDB DEFAULT CHARSET=utf8mb4 COLLATE=utf8mb4_unicode_ci;

-- --------------------------------------------------------

--
-- Table structure for table `web_users`
--

CREATE TABLE `web_users` (
  `id` int(10) UNSIGNED NOT NULL,
  `name` varchar(255) NOT NULL,
  `email` varchar(255) NOT NULL,
  `password` varchar(255) NOT NULL,
  `avatar` varchar(255) NOT NULL,
  `remember_token` varchar(100) DEFAULT NULL,
  `created_at` timestamp NULL DEFAULT NULL,
  `updated_at` timestamp NULL DEFAULT NULL
) ENGINE=InnoDB DEFAULT CHARSET=utf8mb4 COLLATE=utf8mb4_unicode_ci;

--
-- Dumping data for table `web_users`
--

INSERT INTO `web_users` (`id`, `name`, `email`, `password`, `avatar`, `remember_token`, `created_at`, `updated_at`) VALUES
(1, 'Quản trị viên', 'admin@gmail.com', '$2y$10$QoFgqD.KCaqv9gtHgS.LWOZK50rqx.9iv45pRXuwA0NbzOj7PvcKm', 'ceo.png', 'xUHbM52S17Pm8UFaqACEU2nsZGpDlLwHqWgJJgiKd0rgbKp7zyWj2cUHE16m', NULL, '2024-06-23 03:25:24'),
(2, 'Tấn Phát', 'user@gmail.com', '$2y$10$xEmmwvkiQtFUJMbc4VU5NekTAHwLisc/c/LtOmRjtu3wocUZcqJQS', 'quanao1.jpg', 'tMadFeQRaUjjXEtNdGnla1V1iDdmtiV8AhsVKDzIGr3Pr6YMPFWxwsbyMkgG', NULL, '2024-06-23 03:08:12'),
(3, 'phat', 'tanphat@gmail.com', '$2y$10$pe9USq1CvnhjO0V3s45vI.WeHfKiyWrIGaWhjirSO1cOSteDJlP/e', 'user.png', NULL, '2024-06-22 01:58:26', '2024-06-22 01:58:26'),
(4, 'phat', 'tanphat123@gmail.com', '$2y$10$d207kpGaXKTBLE0y.DzdH.L3raOrgA5I8sUdLfzhgQyu49dFqnyaC', 'user.png', NULL, '2024-06-22 01:59:30', '2024-06-22 01:59:30'),
(5, 'dasfa', 'fasdF@gmail.com', '$2y$10$w.9cIgvutGiw/3aE5KCt7OHkum4dlopH7mdEG37fGbcLr.bmYz4ZK', 'user.png', NULL, '2024-06-22 02:00:20', '2024-06-22 02:00:20'),
(6, 'phát', 'tanphat2000hp@gmail.com', '$2y$10$aZyzVSp5WLsvtfLt4l/yUOzZsSQPbBlP3i0U.D7LaToWCor80amPi', 'user.png', NULL, '2024-06-23 12:09:47', '2024-06-23 12:10:17'),
(7, 'abc', 'abc@gmail.com', '$2y$10$DbHMZT2Bp9eVmCztV/9Jceo/.wmgi9uxIoT5e8QbU5SrmnHjf4vZu', 'user.png', NULL, '2024-06-24 02:49:12', '2024-06-26 03:50:03'),
(8, 'sfdsg', 'afd@gmail.com', '$2y$10$TWjIjZwWnjtofGWAblVsuOvfXmqLsVMf7.m/WAAmIWwUty6C.adly', 'user.png', NULL, '2024-06-24 02:49:48', '2024-06-24 02:49:48'),
(9, 'fasdf', 'fasd@gmail.com', '$2y$10$4lTZM7B3K5TgAiwWbHvgyuWK7qwHMgdHLmiQj.sIJwWEbhcip1lA2', 'user.png', NULL, '2024-06-24 02:53:24', '2024-06-24 02:53:24'),
(10, 'fasdf', 'fasdsfawgbd@gmail.com', '$2y$10$ZJCEskRl1Zya3DIeQdRY6eyJ/KiB0MD8Pr2sGvg/Vr2lJ6eJKDPeG', 'user.png', NULL, '2024-06-24 02:53:56', '2024-06-24 02:53:56'),
(11, 'dasfasdf', 'asdfsdf354@gmail.com', '$2y$10$pOuDqnZWrT7VK3G94Egp1uDbukuk16Y1GQqSdBTrmPiwMVcP2EDBa', 'user.png', NULL, '2024-06-24 02:54:28', '2024-06-24 02:54:28'),
(12, 'fasdafd', 'sdfa@gmail.com', '$2y$10$KXiCBRXyXK7x9HaQCt8RtOm99YfkXuc.2Gt2wgXhPm35wmSNDhPM2', 'user.png', NULL, '2024-06-24 02:54:57', '2024-06-24 02:54:57'),
(13, 'sdafasdf', 'aomwpom2@gmail.com', '$2y$10$/j4NYW6HkDESMNoXqldMaurPsK8ktOb.BDiZByW9PadYbIHByfbxS', 'user.png', NULL, '2024-06-24 02:57:51', '2024-06-24 02:57:51'),
(14, '351', 'fahj@gmail.com', '$2y$10$EdzRdvrthSRNAS6hN8v.0.iUavRL4kr278cleqfZHR8fR3rHfGguK', 'user.png', NULL, '2024-06-24 02:58:42', '2024-06-24 02:58:42'),
(15, 'sfgfsg', 'dfasioubh@gmail.com', '$2y$10$qVnDM2idrG2K5a8aZemyFulC4N95KBLhb13j6TH0KFmdjwzQQ4Pe2', 'user.png', NULL, '2024-06-24 03:05:41', '2024-06-24 03:05:41'),
(16, '123', 'asdf@gmail.com', '$2y$10$C0VytW9PhJFaeY9wsrXSpuqi6o0/AtkVNIRaereqqQVzN7ogN2D/.', 'user.png', NULL, '2024-06-30 07:18:36', '2024-06-30 07:18:36');

--
-- Indexes for dumped tables
--

--
-- Indexes for table `categories`
--
ALTER TABLE `categories`
  ADD PRIMARY KEY (`cate_id`);

--
-- Indexes for table `comments`
--
ALTER TABLE `comments`
  ADD PRIMARY KEY (`com_id`),
  ADD KEY `comments_com_user_foreign` (`com_user`),
  ADD KEY `comments_com_prod_foreign` (`com_prod`);

--
-- Indexes for table `failed_jobs`
--
ALTER TABLE `failed_jobs`
  ADD PRIMARY KEY (`id`),
  ADD UNIQUE KEY `failed_jobs_uuid_unique` (`uuid`);

--
-- Indexes for table `migrations`
--
ALTER TABLE `migrations`
  ADD PRIMARY KEY (`id`);

--
-- Indexes for table `orders`
--
ALTER TABLE `orders`
  ADD PRIMARY KEY (`order_id`),
  ADD KEY `orders_order_user_foreign` (`order_user`),
  ADD KEY `orders_order_product_foreign` (`order_product`);

--
-- Indexes for table `password_resets`
--
ALTER TABLE `password_resets`
  ADD KEY `password_resets_email_index` (`email`);

--
-- Indexes for table `personal_access_tokens`
--
ALTER TABLE `personal_access_tokens`
  ADD PRIMARY KEY (`id`),
  ADD UNIQUE KEY `personal_access_tokens_token_unique` (`token`),
  ADD KEY `personal_access_tokens_tokenable_type_tokenable_id_index` (`tokenable_type`,`tokenable_id`);

--
-- Indexes for table `products`
--
ALTER TABLE `products`
  ADD PRIMARY KEY (`prod_id`),
  ADD KEY `products_prod_cate_foreign` (`prod_cate`);

--
-- Indexes for table `users`
--
ALTER TABLE `users`
  ADD PRIMARY KEY (`id`),
  ADD UNIQUE KEY `users_email_unique` (`email`);

--
-- Indexes for table `web_users`
--
ALTER TABLE `web_users`
  ADD PRIMARY KEY (`id`);

--
-- AUTO_INCREMENT for dumped tables
--

--
-- AUTO_INCREMENT for table `categories`
--
ALTER TABLE `categories`
  MODIFY `cate_id` int(10) UNSIGNED NOT NULL AUTO_INCREMENT, AUTO_INCREMENT=11;

--
-- AUTO_INCREMENT for table `comments`
--
ALTER TABLE `comments`
  MODIFY `com_id` int(10) UNSIGNED NOT NULL AUTO_INCREMENT, AUTO_INCREMENT=9;

--
-- AUTO_INCREMENT for table `failed_jobs`
--
ALTER TABLE `failed_jobs`
  MODIFY `id` bigint(20) UNSIGNED NOT NULL AUTO_INCREMENT;

--
-- AUTO_INCREMENT for table `migrations`
--
ALTER TABLE `migrations`
  MODIFY `id` int(10) UNSIGNED NOT NULL AUTO_INCREMENT, AUTO_INCREMENT=84;

--
-- AUTO_INCREMENT for table `orders`
--
ALTER TABLE `orders`
  MODIFY `order_id` int(10) UNSIGNED NOT NULL AUTO_INCREMENT, AUTO_INCREMENT=11;

--
-- AUTO_INCREMENT for table `personal_access_tokens`
--
ALTER TABLE `personal_access_tokens`
  MODIFY `id` bigint(20) UNSIGNED NOT NULL AUTO_INCREMENT;

--
-- AUTO_INCREMENT for table `products`
--
ALTER TABLE `products`
  MODIFY `prod_id` int(10) UNSIGNED NOT NULL AUTO_INCREMENT, AUTO_INCREMENT=41;

--
-- AUTO_INCREMENT for table `users`
--
ALTER TABLE `users`
  MODIFY `id` bigint(20) UNSIGNED NOT NULL AUTO_INCREMENT;

--
-- AUTO_INCREMENT for table `web_users`
--
ALTER TABLE `web_users`
  MODIFY `id` int(10) UNSIGNED NOT NULL AUTO_INCREMENT, AUTO_INCREMENT=17;

--
-- Constraints for dumped tables
--

--
-- Constraints for table `comments`
--
ALTER TABLE `comments`
  ADD CONSTRAINT `comments_com_prod_foreign` FOREIGN KEY (`com_prod`) REFERENCES `products` (`prod_id`) ON DELETE CASCADE,
  ADD CONSTRAINT `comments_com_user_foreign` FOREIGN KEY (`com_user`) REFERENCES `web_users` (`id`) ON DELETE CASCADE;

--
-- Constraints for table `orders`
--
ALTER TABLE `orders`
  ADD CONSTRAINT `orders_order_product_foreign` FOREIGN KEY (`order_product`) REFERENCES `products` (`prod_id`) ON DELETE CASCADE,
  ADD CONSTRAINT `orders_order_user_foreign` FOREIGN KEY (`order_user`) REFERENCES `web_users` (`id`) ON DELETE CASCADE;

--
-- Constraints for table `products`
--
ALTER TABLE `products`
  ADD CONSTRAINT `products_prod_cate_foreign` FOREIGN KEY (`prod_cate`) REFERENCES `categories` (`cate_id`) ON DELETE CASCADE;
COMMIT;

/*!40101 SET CHARACTER_SET_CLIENT=@OLD_CHARACTER_SET_CLIENT */;
/*!40101 SET CHARACTER_SET_RESULTS=@OLD_CHARACTER_SET_RESULTS */;
/*!40101 SET COLLATION_CONNECTION=@OLD_COLLATION_CONNECTION */;
